age_yrs,Lifestage,Activity_stages,no_days,mean_bpm,se_bpm,MR_perday,MR_perday_sd,MR_quant025,MR_quant975,Es,Es_sd,Es_quant025,Es_quant975
1,Juvenile/Adult,calving grounds,30,0.6199981687779041,0.002004567699580897,161.45936137457826,43.36978145185674,78.02550109317839,248.94694056543045,4843.780841237348,1301.0934435557022,2340.765032795352,7468.408216962914
1,Juvenile/Adult,foraging,154,1.0399956820580856,0.0020042961433952506,270.83504004415795,72.74545205032388,130.94288962674682,417.74926176736915,41708.59616680032,11202.799615749876,20165.20500251901,64333.38631217485
1,Juvenile/Adult,northbound,90,0.49999895363010943,3.005712532522517e-4,130.20954289512215,34.972606072999646,62.980210239766656,201.1236753378199,11718.858860560993,3147.534546569968,5668.218921578999,18101.13078040379
1,Juvenile/Adult,southbound,91,0.7199973303439192,0.0020044912103815583,187.50112973978224,50.36387398590061,90.62449588729571,289.1171405832879,17062.602806320185,4583.112532716956,8246.829125743909,26309.659793079194
2,Juvenile/Adult,calving grounds,30,0.6199981687779041,0.002004567699580897,271.5680549021548,74.28389351404344,129.61774731456225,422.25569708096947,8147.041647064644,2228.5168054213036,3888.532419436867,12667.670912429085
2,Juvenile/Adult,foraging,154,1.0399956820580856,0.0020042961433952506,455.5334811774056,124.59879716673575,217.52543572612407,708.6770205496509,70152.15610132046,19188.214763677304,33498.917101823114,109136.26116464625
2,Juvenile/Adult,northbound,90,0.49999895363010943,3.005712532522517e-4,219.00713310746,59.901291511784926,104.62429935270453,341.19822952374176,19710.6419796714,5391.116236060643,9416.186941743406,30707.84065713676
2,Juvenile/Adult,southbound,91,0.7199973303439192,0.0020044912103815583,315.36924649352505,86.26344477655445,150.54792444140736,490.4408935826726,28698.601430910778,7849.973474666454,13699.86112416807,44630.1213160232
3,Juvenile/Adult,calving grounds,30,0.6199981687779041,0.002004567699580897,335.4606705870297,88.83686472475812,163.65274841839778,513.8931097785625,10063.82011761089,2665.105941742743,4909.582452551933,15416.793293356875
3,Juvenile/Adult,foraging,154,1.0399956820580856,0.0020042961433952506,562.7081851645098,149.00861244230407,274.64297117030935,862.1968426010195,86657.06051533451,22947.326316114828,42295.01756022764,132778.31376055698
3,Juvenile/Adult,northbound,90,0.49999895363010943,3.005712532522517e-4,270.533592038453,71.63633692264948,132.09623067552204,415.0929826948618,24348.023283460767,6447.270323038453,11888.660760796982,37358.36844253756
3,Juvenile/Adult,southbound,91,0.7199973303439192,0.0020044912103815583,389.5670969099748,103.1632277111826,190.07779527944197,596.7330531939539,35450.60581880771,9387.853721717616,17297.07937042922,54302.7078406498
4,Juvenile/Adult,calving grounds,30,0.6199981687779041,0.002004567699580897,396.68622483254603,103.83059777492026,195.00189988169961,604.4766065278901,11900.586744976381,3114.917933247608,5850.056996450989,18134.298195836705
4,Juvenile/Adult,foraging,154,1.0399956820580856,0.0020042961433952506,665.4091085995221,174.15787231275513,327.25319350039837,1014.0310151244809,102473.0027243264,26820.312336164287,50396.99179906135,156160.77632917007
4,Juvenile/Adult,northbound,90,0.49999895363010943,3.005712532522517e-4,319.90918630120495,83.72689493259792,157.4003272887351,488.1835892109985,28791.826767108447,7535.420543933813,14166.029455986158,43936.52302898986
4,Juvenile/Adult,southbound,91,0.7199973303439192,0.0020044912103815583,460.66771596355716,120.57489376758326,226.48850369963534,701.8392732026352,41920.7621526837,10972.315332850078,20610.453836666817,63867.37386143981
5,Juvenile/Adult,calving grounds,30,0.6199981687779041,0.002004567699580897,453.66854317213637,118.52626086597742,223.27929165431226,690.7303831181935,13610.056295164091,3555.7878259793224,6698.378749629367,20721.911493545802
5,Juvenile/Adult,foraging,154,1.0399956820580856,0.0020042961433952506,760.9923461973825,198.80727709908496,374.70844000428934,1158.698673467767,117192.8213143969,30616.32067325908,57705.09976066056,178439.5957140361
5,Juvenile/Adult,northbound,90,0.49999895363010943,3.005712532522517e-4,365.86280438166636,95.57716236907318,180.2250613868285,557.8293179834835,32927.65239434997,8601.944613216587,16220.255524814564,50204.63861851351
5,Juvenile/Adult,southbound,91,0.7199973303439192,0.0020044912103815583,526.8407080669828,137.64045231378512,259.3317237775163,801.9715403452517,47942.50443409543,12525.281160554445,23599.18686375398,72979.4101714179
6,Juvenile/Adult,calving grounds,30,0.6199981687779041,0.002004567699580897,505.3765475039208,132.03889220444108,248.72409172205937,769.4668005386641,15161.296425117624,3961.166766133232,7461.72275166178,23084.004016159925
6,Juvenile/Adult,foraging,154,1.0399956820580856,0.0020042961433952506,847.7283479003287,221.472376585811,417.410032838605,1290.7792319301004,130550.16557665062,34106.74599421489,64281.14505714517,198780.0017172355
6,Juvenile/Adult,northbound,90,0.49999895363010943,3.005712532522517e-4,407.5629305099189,106.47347330145114,200.76342252529255,621.4165426014962,36680.6637458927,9582.612597130603,18068.70802727633,55927.48883413466
6,Juvenile/Adult,southbound,91,0.7199973303439192,0.0020044912103815583,586.8886924934338,153.33220442692254,288.88504263892963,893.3885637214096,53406.87101690248,13953.230602849952,26288.538880142598,81298.35929864827
7,Juvenile/Adult,calving grounds,30,0.6199981687779041,0.002004567699580897,551.422653358532,143.95421262874544,271.5257336164692,839.2719593694159,16542.67960075596,4318.626378862363,8145.772008494076,25178.15878108247
7,Juvenile/Adult,foraging,154,1.0399956820580856,0.0020042961433952506,924.9669721591883,241.45824810467332,455.6758544642336,1407.8635379980772,142444.913712515,37184.570208119694,70174.081587492,216810.9848517039
7,Juvenile/Adult,northbound,90,0.49999895363010943,3.005712532522517e-4,444.69699629490543,116.08173542791614,219.16828560133004,677.7833901728208,40022.72966654149,10447.356188512455,19725.145704119703,61000.505115553875
7,Juvenile/Adult,southbound,91,0.7199973303439192,0.0020044912103815583,640.361571244755,167.16905002178953,315.3683800111931,974.4282228815441,58272.90298327272,15212.383551982848,28698.522581018573,88672.9682822205
8,Juvenile/Adult,calving grounds,30,0.6199981687779041,0.002004567699580897,591.8619914184407,154.18089866554737,291.83984901059085,899.9513709274979,17755.85974255322,4625.426959966421,8755.195470317725,26998.54112782494
8,Juvenile/Adult,foraging,154,1.0399956820580856,0.0020042961433952506,992.8006962755456,258.61169839258895,489.7670780065774,1509.612717156389,152891.30722643403,39826.2015524587,75424.13001301292,232480.35844208387
8,Juvenile/Adult,northbound,90,0.49999895363010943,3.005712532522517e-4,477.3094623144287,124.32829853680515,235.56526193021733,726.766027450098,42957.85160829858,11189.546868312464,21200.87357371956,65408.942470508824
8,Juvenile/Adult,southbound,91,0.7199973303439192,0.0020044912103815583,687.3233670070194,179.04493422865016,338.9624628669765,1044.8577733996449,62546.42639763877,16293.089014807165,30845.584120894866,95082.05737936769
9,Juvenile/Adult,calving grounds,30,0.6199981687779041,0.002004567699580897,626.9649952672002,162.71139149371214,309.89480128690906,951.7103624459916,18808.949858016003,4881.341744811364,9296.84403860727,28551.31087337975
9,Juvenile/Adult,foraging,154,1.0399956820580856,0.0020042961433952506,1051.6831507725399,272.92003835763614,520.0669375746112,1596.361849063589,161959.20521897115,42029.68590707597,80090.30838649011,245839.72475579273
9,Juvenile/Adult,northbound,90,0.49999895363010943,3.005712532522517e-4,505.6184209720888,131.20706074049644,250.13867260415864,768.5252595963435,45505.65788748799,11808.63546664468,22512.480534374277,69167.27336367092
9,Juvenile/Adult,southbound,91,0.7199973303439192,0.0020044912103815583,728.0881315611261,188.9510761863259,359.9325025716508,1104.9104697482776,66256.01997206248,17194.54793295566,32753.85773402022,100546.85274709325
10,Juvenile/Adult,calving grounds,30,0.6199981687779041,0.002004567699580897,657.3059652634072,170.00669588539927,325.5954843306182,996.2418456386706,19719.178957902215,5100.200876561978,9767.864529918545,29887.255369160117
10,Juvenile/Adult,foraging,154,1.0399956820580856,0.0020042961433952506,1102.577678026346,285.1565645678153,546.4158512913202,1670.9878898206377,169796.96241605727,43914.11094344356,84148.04109886332,257332.13503237825
10,Juvenile/Adult,northbound,90,0.49999895363010943,3.005712532522517e-4,530.0870184359725,137.08979277605485,262.81178109229734,804.4481599222069,47707.83165923752,12338.081349844935,23653.060298306762,72400.33439299861
10,Juvenile/Adult,southbound,91,0.7199973303439192,0.0020044912103815583,763.3227941856841,197.42283675399815,378.168137014156,1156.5722479489343,69462.37427089726,17965.478144613833,34413.3004682882,105248.07456335302
11,Juvenile/Adult,calving grounds,30,0.6199981687779041,0.002004567699580897,683.2821459605477,175.99645766353711,339.34924225096654,1033.6916438337057,20498.464378816432,5279.893729906114,10180.477267528999,31010.749315011173
11,Juvenile/Adult,foraging,154,1.0399956820580856,0.0020042961433952506,1146.1506237523972,295.20324695224923,569.4974117026778,1733.7146528540031,176507.19605786915,45461.30003064638,87702.60140221239,266992.0565395165
11,Juvenile/Adult,northbound,90,0.49999895363010943,3.005712532522517e-4,551.0356145205778,141.91974786223497,273.9133674982258,834.641341248348,49593.205306852,12772.777307601147,24652.203074840323,75117.72071235132
11,Juvenile/Adult,southbound,91,0.7199973303439192,0.0020044912103815583,793.4886709451073,204.37850930012746,394.1424268847288,1200.0009856307656,72207.46905600476,18598.4443463116,35866.96084651032,109200.08969239966
12,Juvenile/Adult,calving grounds,30,0.6199981687779041,0.002004567699580897,705.4936642234647,181.07802227970626,351.1588702543852,1065.6074018196416,21164.809926703943,5432.340668391188,10534.766107631554,31968.222054589252
12,Juvenile/Adult,foraging,154,1.0399956820580856,0.0020042961433952506,1183.4086522278728,303.7265955913485,589.3163296327094,1787.1670425282541,182244.93244309243,46773.89572106767,90754.71476343725,275223.72454935114
12,Juvenile/Adult,northbound,90,0.49999895363010943,3.005712532522517e-4,568.9481834282171,146.01735743016775,283.4457117187439,860.3700749759925,51205.33650853955,13141.562168715098,25510.11405468695,77433.30674783932
12,Juvenile/Adult,southbound,91,0.7199973303439192,0.0020044912103815583,819.2826831662309,210.27952668997918,407.8586966277653,1237.0093600830942,74554.72416812701,19135.436928788105,37115.14139312665,112567.85176756157
13,Juvenile/Adult,calving grounds,30,0.6199981687779041,0.002004567699580897,724.3983363680281,185.33668302864163,361.2913497510734,1092.5958955173803,21731.950091040846,5560.1004908592495,10838.740492532203,32777.87686552141
13,Juvenile/Adult,foraging,154,1.0399956820580856,0.0020042961433952506,1215.1197133636506,310.8696707241509,606.3206518055497,1832.3588324759248,187128.43585800217,47873.92929151924,93373.38037805466,282183.26020129246
13,Juvenile/Adult,northbound,90,0.49999895363010943,3.005712532522517e-4,584.1939330221736,149.4513974100226,291.6243106221814,882.1221959045706,52577.45397199562,13450.625766902034,26246.187955996327,79390.99763141136
13,Juvenile/Adult,southbound,91,0.7199973303439192,0.0020044912103815583,841.2364883172824,215.22493576880672,419.62702548060514,1268.2996196733868,76552.5204368727,19585.46915496141,38186.059318735075,115415.2653902782
14,Juvenile/Adult,calving grounds,30,0.6199981687779041,0.002004567699580897,740.4782388170518,189.00951862769563,369.84850325848834,1115.6845720889169,22214.347164511553,5670.2855588308685,11095.455097754651,33470.537162667504
14,Juvenile/Adult,foraging,154,1.0399956820580856,0.0020042961433952506,1242.0924513945,317.0301457898435,620.6812664963353,1871.0268647729235,191282.23751475298,48822.642451635904,95584.91504043562,288138.1371750302
14,Juvenile/Adult,northbound,90,0.49999895363010943,3.005712532522517e-4,597.1616355234783,152.41305266927256,298.53136357899916,900.7345944552532,53744.54719711305,13717.17474023453,26867.822722109926,81066.11350097279
14,Juvenile/Adult,southbound,91,0.7199973303439192,0.0020044912103815583,859.9099169117902,219.49005223180959,429.5657130892711,1295.0719885602734,78251.80243897291,19973.594753094672,39090.479891123665,117851.55095898488
15,Juvenile/Adult,calving grounds,30,0.6199981687779041,0.002004567699580897,754.1229551052998,192.1593225733043,377.0694135503424,1135.364006058682,22623.68865315899,5764.779677199129,11312.082406510272,34060.920181760455
15,Juvenile/Adult,foraging,154,1.0399956820580856,0.0020042961433952506,1264.9803612524674,322.31334089240227,632.7994004094633,1903.989427317961,194806.97563288,49636.254497429945,97451.10766305734,293214.37180696597
15,Juvenile/Adult,northbound,90,0.49999895363010943,3.005712532522517e-4,608.1654722069,154.95295536741577,304.3598479657032,916.6009627281229,54734.892498621,13945.765983067418,27392.386316913282,82494.08664553105
15,Juvenile/Adult,southbound,91,0.7199973303439192,0.0020044912103815583,875.7553883759068,223.14779450465534,437.952433807903,1317.8934929912748,79693.74034220753,20306.449299923635,39853.671476519165,119928.30786220601
16,Juvenile/Adult,calving grounds,30,0.6199981687779041,0.002004567699580897,765.7263096330423,194.96785550581342,383.0517119855061,1152.442245399746,22971.78928899127,5849.035665174402,11491.551359565181,34573.26736199239
16,Juvenile/Adult,foraging,154,1.0399956820580856,0.0020042961433952506,1284.444051541388,327.0241386932991,642.838905527929,1932.6114663424862,197804.38393737376,50361.71735876806,98997.19145130109,297622.16581674287
16,Juvenile/Adult,northbound,90,0.49999895363010943,3.005712532522517e-4,617.5230441651873,157.21768029575853,309.18857698538505,930.3789396329036,55577.073974866864,14149.591226618266,27826.971928684656,83734.10456696132
16,Juvenile/Adult,southbound,91,0.7199973303439192,0.0020044912103815583,889.2302470324946,226.4092380591937,444.90060893709784,1337.7075064842343,80919.952479957,20603.240663386627,40485.9554132759,121731.38309006533
17,Juvenile/Adult,calving grounds,30,0.6199981687779041,0.002004567699580897,775.5513709075201,197.41738122916792,388.0301645701031,1167.091676420568,23266.541127225602,5922.521436875038,11640.904937103092,35012.750292617035
17,Juvenile/Adult,foraging,154,1.0399956820580856,0.0020042961433952506,1300.9247984662654,331.1327782306547,651.1937601943155,1957.1718183536354,200342.4189638049,50994.44784752083,100283.83906992458,301404.46002645994
17,Juvenile/Adult,northbound,90,0.49999895363010943,3.005712532522517e-4,625.4465042239094,159.19291805177883,313.20703894484075,942.2021995110543,56290.18538015185,14327.362624660094,28188.633505035665,84798.19795599488
17,Juvenile/Adult,southbound,91,0.7199973303439192,0.0020044912103815583,900.6399916719809,229.25378308317863,450.6828836138548,1354.708496428569,81958.23924215026,20862.094260569254,41012.14240886079,123278.4731749998
18,Juvenile/Adult,calving grounds,30,0.6199981687779041,0.002004567699580897,783.8815876262854,199.59433889418622,392.12916793320784,1179.7765949370096,23516.44762878856,5987.830166825587,11763.875037996235,35393.297848110284
18,Juvenile/Adult,foraging,154,1.0399956820580856,0.0020042961433952506,1314.898064324026,334.7842478863818,658.0727284898752,1978.4508222058323,202494.30190590004,51556.7741745028,101343.20018744079,304681.4266196982
18,Juvenile/Adult,northbound,90,0.49999895363010943,3.005712532522517e-4,632.164440688895,160.94837246056872,316.51564469258307,952.4464999776168,56894.79966200054,14485.353521451185,28486.408022332478,85720.18499798552
18,Juvenile/Adult,southbound,91,0.7199973303439192,0.0020044912103815583,910.3137884131822,231.78180886650838,455.4437445487087,1369.4363479620968,82838.55474559958,21092.144606852264,41445.38075393249,124618.7076645508
19,Juvenile/Adult,calving grounds,30,0.6199981687779041,0.002004567699580897,790.969450805578,201.58917493580836,395.44317382505176,1190.9460326767387,23729.083524167345,6047.67524807425,11863.295214751555,35728.38098030216
19,Juvenile/Adult,foraging,154,1.0399956820580856,0.0020042961433952506,1326.787382397256,338.1302591699063,663.6343218484537,1997.2046558552213,204325.25688917743,52072.05991216557,102199.68556466188,307569.5170017041
19,Juvenile/Adult,northbound,90,0.49999895363010943,3.005712532522517e-4,637.8804758954251,162.55697975212976,319.1906355638617,961.4760458825774,57409.24283058826,14630.128177691679,28727.15720074755,86532.84412943198
19,Juvenile/Adult,southbound,91,0.7199973303439192,0.0020044912103815583,918.5448525338221,234.09834868782417,459.2929023539724,1382.414017533996,83587.58158057781,21302.949730592,41795.65411421148,125799.67559559362
20,Juvenile/Adult,calving grounds,30,0.6199981687779041,0.002004567699580897,796.9472339565718,203.31374488802925,398.1868114321059,1200.4773856527067,23908.417018697153,6099.412346640877,11945.604342963177,36014.3215695812
20,Juvenile/Adult,foraging,154,1.0399956820580856,0.0020042961433952506,1336.8146308587084,341.02294851066614,668.2387218917092,2013.2129657290072,205869.45315224107,52517.534070642585,102908.76317132323,310034.7967222671
20,Juvenile/Adult,northbound,90,0.49999895363010943,3.005712532522517e-4,642.7012825987845,163.94765162969335,321.40524238365657,969.1839503211789,57843.115433890605,14755.288646672403,28926.47181452909,87226.55552890612
20,Juvenile/Adult,southbound,91,0.7199973303439192,0.0020044912103815583,925.4867919063912,236.1010386010515,462.47960211884094,1393.491087558016,84219.2980634816,21485.194512695685,42085.643792814524,126807.68896777945
21,Juvenile/Adult,calving grounds,30,0.6199981687779041,0.002004567699580897,802.0105736835071,204.85395266711927,400.4139915101814,1208.7603354836958,24060.317210505214,6145.618580013578,12012.419745305442,36262.81006451087
21,Juvenile/Adult,foraging,154,1.0399956820580856,0.0020042961433952506,1345.3079743026958,343.60640951078915,671.9764048050071,2027.1336035930146,207177.42804261515,52915.38706466153,103484.36633997108,312178.5749533242
21,Juvenile/Adult,northbound,90,0.49999895363010943,3.005712532522517e-4,646.7846326457201,165.1896621997715,323.2029838994142,975.8871486355532,58210.61693811481,14867.069597979436,29088.26855094728,87829.84337719978
21,Juvenile/Adult,southbound,91,0.7199973303439192,0.0020044912103815583,931.3667973547709,237.8896372185808,465.0664707372892,1403.122283807591,84754.37855928416,21647.95698689085,42321.048837093316,127684.12782649079
22,Juvenile/Adult,calving grounds,30,0.6199981687779041,0.002004567699580897,806.2839991358404,206.19408158938543,402.2447900057096,1215.8571044104754,24188.519974075214,6185.822447681563,12067.34370017129,36475.71313231426
22,Juvenile/Adult,foraging,154,1.0399956820580856,0.0020042961433952506,1352.4763003367768,345.85427367945744,675.0488786533034,2039.0651734611347,208281.35025186365,53261.558146636446,103957.52731260871,314016.03671301476
22,Juvenile/Adult,northbound,90,0.49999895363010943,3.005712532522517e-4,650.2309531653269,166.27033376628984,324.68077743922504,981.6327959401912,58520.78578487942,14964.330038966085,29221.269969530254,88346.9516346172
22,Juvenile/Adult,southbound,91,0.7199973303439192,0.0020044912103815583,936.3294833163369,239.44589140525224,467.19295690995347,1411.3766772425902,85205.98298178666,21789.576117877954,42514.55907880577,128435.27762907572
23,Juvenile/Adult,calving grounds,30,0.6199981687779041,0.002004567699580897,809.9032035814367,207.39314494908163,403.71729914763273,1222.0364587188674,24297.096107443103,6221.794348472448,12111.518974428982,36661.093761566015
23,Juvenile/Adult,foraging,154,1.0399956820580856,0.0020042961433952506,1358.5472234526706,347.86552874871774,677.5200719594501,2049.4613480111,209216.27241171125,53571.29142730253,104338.09108175531,315617.04759370943
23,Juvenile/Adult,northbound,90,0.49999895363010943,3.005712532522517e-4,653.1496744852213,167.2372554351413,325.8693723519352,986.6394567139226,58783.47070366992,15051.352989162717,29328.243511674173,88797.55110425304
23,Juvenile/Adult,southbound,91,0.7199973303439192,0.0020044912103815583,940.5324290202923,240.838332182,468.90331117655745,1418.5678667183433,85588.4510408466,21916.288228562,42670.201317066734,129089.67587136925
24,Juvenile/Adult,calving grounds,30,0.6199981687779041,0.002004567699580897,812.953402716472,208.43261762035516,404.9231312367282,1227.320514338858,24388.602081494162,6252.978528610654,12147.693937101843,36819.61543016574
24,Juvenile/Adult,foraging,154,1.0399956820580856,0.0020042961433952506,1363.6636861123354,349.60909657111824,679.5437255736815,2058.3543482182317,210004.20766129968,53839.800871952204,104649.73373834696,316986.56962560775
24,Juvenile/Adult,northbound,90,0.49999895363010943,3.005712532522517e-4,655.6095192278955,168.07548547995674,326.8427116113472,990.9223763839897,59004.85673051059,15126.793693196107,29415.844045021247,89183.01387455908
24,Juvenile/Adult,southbound,91,0.7199973303439192,0.0020044912103815583,944.0745945882543,242.0454453649568,470.3039250548473,1424.7188496523067,85910.78810753115,22026.13552821107,42797.657179991096,129649.41531835991
25,Juvenile/Adult,calving grounds,30,0.6199981687779041,0.002004567699580897,815.5107483010685,209.30550290242346,405.93249194909293,1231.7543045163313,24465.322449032054,6279.1650870727035,12177.974758472788,36952.629135489944
25,Juvenile/Adult,foraging,154,1.0399956820580856,0.0020042961433952506,1367.9534267524955,351.07323781207924,681.2376567923953,2065.8165030873038,210664.8277198843,54065.27862306021,104910.5991460289,318135.74147544475
25,Juvenile/Adult,northbound,90,0.49999895363010943,3.005712532522517e-4,657.671900339581,168.77937964305204,327.6574607090483,994.5162004451544,59190.4710305623,15190.144167874683,29489.171463814342,89506.4580400639
25,Juvenile/Adult,southbound,91,0.7199973303439192,0.0020044912103815583,947.0444142868646,243.0591048808033,471.4763314679064,1429.8801459477447,86181.04170010467,22118.3785441531,42904.34616357948,130119.09328124477
26,Juvenile/Adult,calving grounds,30,0.6199981687779041,0.002004567699580897,817.6934269912126,210.11459327055667,406.7159977528277,1235.7074768102145,24530.80280973638,6303.4377981167,12201.47993258483,37071.22430430643
26,Juvenile/Adult,foraging,154,1.0399956820580856,0.0020042961433952506,1371.6146939217163,352.4303786489555,682.5525599767246,2072.4764941772423,211228.6628639443,54274.27831193915,105113.09423641559,319161.3801032953
26,Juvenile/Adult,northbound,90,0.49999895363010943,3.005712532522517e-4,659.4321297705596,169.4318337412702,328.289909132029,997.7240634019939,59348.891679350374,15248.865036714318,29546.09182188261,89795.16570617947
26,Juvenile/Adult,southbound,91,0.7199973303439192,0.0020044912103815583,949.5791371025024,243.99868288635122,472.3864256997455,1434.4856585147613,86411.70147632773,22203.880142657963,42987.164738676845,130538.1949248433
27,Juvenile/Adult,calving grounds,30,0.6199981687779041,0.002004567699580897,819.514096029319,210.78280905707612,407.3777208837798,1238.9872986533562,24585.42288087957,6323.484271712284,12221.331626513393,37169.618959600695
27,Juvenile/Adult,foraging,154,1.0399956820580856,0.0020042961433952506,1374.6687191476967,353.55122057165283,683.6630830275577,2078.001403620345,211698.98274874527,54446.88796803454,105284.11478624388,320012.21615753317
27,Juvenile/Adult,northbound,90,0.49999895363010943,3.005712532522517e-4,660.9004151713516,169.97068553668808,328.8240532807517,1000.3851642556031,59481.03736542164,15297.361698301927,29594.16479526765,90034.66478300426
27,Juvenile/Adult,southbound,91,0.7199973303439192,0.0020044912103815583,951.6934617480308,244.77466629448054,473.1550582559202,1438.3063359988819,86604.1050190708,22274.494632797727,43057.11030128874,130885.87657589826
28,Juvenile/Adult,calving grounds,30,0.6199981687779041,0.002004567699580897,821.0532308375695,211.3699217748498,407.91009864098936,1241.8185039901123,24631.596925127084,6341.097653245493,12237.30295922968,37254.555119703364
28,Juvenile/Adult,foraging,154,1.0399956820580856,0.0020042961433952506,1377.2504934401677,354.53602511434127,684.556537389315,2082.772854785047,212096.57598978584,54598.54786760856,105421.70675795453,320747.0196368973
28,Juvenile/Adult,northbound,90,0.49999895363010943,3.005712532522517e-4,662.1416561863657,170.44413682368443,329.2537925637004,1002.6834801626414,59592.74905677291,15339.972314131599,29632.84133073304,90241.51321463773
28,Juvenile/Adult,southbound,91,0.7199973303439192,0.0020044912103815583,953.4808435277045,245.45646721002294,473.77345786222094,1441.60565065534,86766.7567610211,22336.538516112087,43113.38466546211,131186.11420963594
29,Juvenile/Adult,calving grounds,30,0.6199981687779041,0.002004567699580897,822.3496334267057,211.8746877358654,408.3460716466487,1244.230174408198,24670.489002801172,6356.240632075961,12250.382149399462,37326.90523224594
29,Juvenile/Adult,foraging,154,1.0399956820580856,0.0020042961433952506,1379.4251040424106,355.38270469540475,685.2882032399082,2086.8382723436243,212431.46602253124,54728.936523092336,105534.38329894588,321373.0939409182
29,Juvenile/Adult,northbound,90,0.49999895363010943,3.005712532522517e-4,663.1871448753999,170.8511837634127,329.6057146479098,1004.6417683499141,59686.84303878599,15376.606538707143,29664.51431831188,90417.75915149225
29,Juvenile/Adult,southbound,91,0.7199973303439192,0.0020044912103815583,954.9863428234793,246.04264093976164,474.2798803068354,1444.4166206329644,86903.75719693661,22389.88032551831,43159.46910792203,131441.91247759978
30,Juvenile/Adult,calving grounds,30,0.6199981687779041,0.002004567699580897,823.4302377135698,212.2892515318789,408.717006376828,1246.2240763632196,24702.907131407093,6368.677545956367,12261.510191304842,37386.722290896585
30,Juvenile/Adult,foraging,154,1.0399956820580856,0.0020042961433952506,1381.2377304296892,356.07808125446144,685.9107187270918,2090.198840830864,212710.61048617214,54836.02451318706,105630.25068397212,321890.62148795306
30,Juvenile/Adult,northbound,90,0.49999895363010943,3.005712532522517e-4,664.0586022339158,171.18549066764422,329.9051362464695,1006.2605018697625,59765.27420105242,15406.69416008798,29691.462262182256,90563.44516827862
30,Juvenile/Adult,southbound,91,0.7199973303439192,0.0020044912103815583,956.2412377187833,246.5240646929322,474.7107519216495,1446.7403196480282,87017.95263240927,22433.68988705683,43198.67842487011,131653.36908797058
31,Juvenile/Adult,calving grounds,30,0.6199981687779041,0.002004567699580897,824.3593309393478,212.68369334407052,408.9897104652413,1248.0385671649028,24730.779928180433,6380.510800322116,12269.691313957237,37441.15701494708
31,Juvenile/Adult,foraging,154,1.0399956820580856,0.0020042961433952506,1382.7962092407236,356.7397092448889,686.3683846619522,2093.2607714568962,212950.6162230714,54937.91522371289,105700.73123794065,322362.158804362
31,Juvenile/Adult,northbound,90,0.49999895363010943,3.005712532522517e-4,664.8078728531175,171.50357324149977,330.1252706184125,1007.7355899497395,59832.70855678057,15435.321591734979,29711.27435565713,90696.20309547655
31,Juvenile/Adult,southbound,91,0.7199973303439192,0.0020044912103815583,957.3201843491391,246.98212223351035,475.02753810260674,1448.8569903880252,87116.13677577167,22475.373123249443,43227.505967337216,131845.9861253103
32,Juvenile/Adult,calving grounds,30,0.6199981687779041,0.002004567699580897,825.127162099797,212.9947507403546,409.23324502311493,1249.498761696576,24753.814862993913,6389.842522210638,12276.99735069345,37484.96285089728
32,Juvenile/Adult,foraging,154,1.0399956820580856,0.0020042961433952506,1384.0841839726831,357.2614688284356,686.7770947292322,2095.7234408105073,213148.9643317932,55018.266199579084,105763.67258830176,322741.40988481813
32,Juvenile/Adult,northbound,90,0.49999895363010943,3.005712532522517e-4,665.4270931227987,171.75441285487898,330.3218560637586,1008.9219077633732,59888.43838105189,15457.897156939107,29728.967045738274,90802.97169870358
32,Juvenile/Adult,southbound,91,0.7199973303439192,0.0020044912103815583,958.2118589600805,247.34334672831687,475.3104314447325,1450.559597327361,87197.27916536732,22508.244552276836,43253.24926147066,132000.92335678983
33,Juvenile/Adult,calving grounds,30,0.6199981687779041,0.002004567699580897,825.7781314407946,213.2713235297063,409.42408199660366,1250.7705902991188,24773.343943223837,6398.13970589119,12282.722459898108,37523.117708973565
33,Juvenile/Adult,foraging,154,1.0399956820580856,0.0020042961433952506,1385.1761324406866,357.72538592408097,687.0973671154545,2097.86965359025,213317.12439586574,55089.70943230847,105812.99453578,323071.9266528985
33,Juvenile/Adult,northbound,90,0.49999895363010943,3.005712532522517e-4,665.9520697207417,171.97744444868297,330.47590504108797,1009.9558488435466,59935.68627486676,15477.970000381467,29742.83145369792,90896.02639591918
33,Juvenile/Adult,southbound,91,0.7199973303439192,0.0020044912103815583,958.967823116831,247.66452528491277,475.532116952867,1452.0432423183056,87266.07190363163,22537.471800927062,43273.422642710895,132135.9350509658
34,Juvenile/Adult,calving grounds,30,0.6199981687779041,0.002004567699580897,826.3258387589257,213.5077353203877,409.580139351563,1251.8504379497103,24789.77516276777,6405.232059611631,12287.40418054689,37555.51313849131
34,Juvenile/Adult,foraging,154,1.0399956820580856,0.0020042961433952506,1386.0948672082284,358.12193814425365,687.359271078547,2099.692243200205,213458.6095500672,55150.77847421506,105853.32774609621,323352.60545283154
34,Juvenile/Adult,northbound,90,0.49999895363010943,3.005712532522517e-4,666.3937702762455,172.16808992317837,330.60187954376903,1010.8339027420643,59975.4393248621,15495.128093086054,29754.169158939214,90975.05124678579
34,Juvenile/Adult,southbound,91,0.7199973303439192,0.0020044912103815583,959.6038701243891,247.9390657482266,475.71340277988344,1453.3031224759648,87323.95218131942,22562.45498308862,43289.919652969395,132250.5841453128
35,Juvenile/Adult,calving grounds,30,0.6199981687779041,0.002004567699580897,826.7878601593992,213.71142066973144,409.70660741760025,1252.7725620917038,24803.635804781974,6411.342620091943,12291.198222528008,37583.17686275111
35,Juvenile/Adult,foraging,154,1.0399956820580856,0.0020042961433952506,1386.8698707715705,358.4635960504329,687.571517291267,2101.249016240913,213577.96009882187,55203.39379176666,105886.01366285513,323592.3485011006
35,Juvenile/Adult,northbound,90,0.49999895363010943,3.005712532522517e-4,666.766369103488,172.33234459319016,330.7039693468458,1011.5839177145388,60008.97321931392,15509.911013387113,29763.35724121612,91042.5525943085
35,Juvenile/Adult,southbound,91,0.7199973303439192,0.0020044912103815583,960.140410937177,248.17560172363716,475.8603182481652,1454.3791990539266,87372.7773952831,22583.979756850982,43303.288960583035,132348.50711390734
36,Juvenile/Adult,calving grounds,30,0.6199981687779041,0.002004567699580897,827.1731793473738,213.88027060844962,409.81332511738475,1253.5389023556925,24815.195380421213,6416.408118253488,12294.399753521544,37606.167070670774
36,Juvenile/Adult,foraging,154,1.0399956820580856,0.0020042961433952506,1387.5162125720788,358.746821622591,687.7506171151668,2102.5426943736347,213677.49673610012,55247.010529879015,105913.59503573569,323791.5749335398
36,Juvenile/Adult,northbound,90,0.49999895363010943,3.005712532522517e-4,667.0771111565355,172.46850745633228,330.7901157265553,1012.2071749630858,60036.94000408819,15522.165671069904,29771.11041538998,91098.64574667774
36,Juvenile/Adult,southbound,91,0.7199973303439192,0.0020044912103815583,960.5878782406337,248.3716839658306,475.98428950777145,1455.2734317376328,87413.49691989766,22601.823240890586,43314.570345207205,132429.8822881246
37,Juvenile/Adult,calving grounds,30,0.6199981687779041,0.002004567699580897,827.49713582947,214.0242990941414,409.900535251611,1254.1886459368484,24824.914074884102,6420.728972824243,12297.016057548331,37625.65937810545
37,Juvenile/Adult,foraging,154,1.0399956820580856,0.0020042961433952506,1388.0596233914855,358.9884123381741,687.896978516462,2103.639731647304,213761.18200228878,55284.215500078804,105936.13469153515,323960.51867368474
37,Juvenile/Adult,northbound,90,0.49999895363010943,3.005712532522517e-4,667.3383670291585,172.5846540679117,330.86051525654085,1012.7357065110065,60060.45303262426,15532.618866112054,29777.44637308868,91146.2135859906
37,Juvenile/Adult,southbound,91,0.7199973303439192,0.0020044912103815583,960.9640856503748,248.53894157092648,476.0856005094893,1456.031713028352,87447.7317941841,22617.04368295431,43323.78964636353,132498.88588558004
38,Juvenile/Adult,calving grounds,30,0.6199981687779041,0.002004567699580897,827.7702677923893,214.14809121474966,409.97119545254156,1254.7426671879932,24833.108033771678,6424.44273644249,12299.135863576248,37642.28001563979
38,Juvenile/Adult,foraging,154,1.0399956820580856,0.0020042961433952506,1388.517780186411,359.19605913179765,688.0155651601835,2104.5753636470076,213831.7381487073,55316.193106296836,105954.39703466825,324104.6060016392
38,Juvenile/Adult,northbound,90,0.49999895363010943,3.005712532522517e-4,667.5586352802113,172.68448190328476,330.9175554387261,1013.1864876996282,60080.277175219024,15541.603371295629,29782.579989485348,91186.78389296654
38,Juvenile/Adult,southbound,91,0.7199973303439192,0.0020044912103815583,961.2812710567819,248.68269911434763,476.1676870416578,1456.678399331904,87476.59566616715,22630.125619405633,43331.25952079085,132557.73433920328
39,Juvenile/Adult,calving grounds,30,0.6199981687779041,0.002004567699580897,828.0012591153973,214.25633132746822,410.0266412839522,1255.220554408532,24840.037773461918,6427.689939824046,12300.799238518566,37656.616632255966
39,Juvenile/Adult,foraging,154,1.0399956820580856,0.0020042961433952506,1388.905249462306,359.3776195220772,688.1086185960415,2105.382738282721,213891.40841719514,55344.15340639989,105968.72726379037,324228.94169553905
39,Juvenile/Adult,northbound,90,0.49999895363010943,3.005712532522517e-4,667.7449190537172,172.77176853522013,330.9623145422403,1013.5754926144347,60097.042714834555,15549.459168169811,29786.608308801628,91221.79433529913
39,Juvenile/Adult,southbound,91,0.7199973303439192,0.0020044912103815583,961.5495189618052,248.80839647196535,476.23210110108715,1457.2363921643985,87501.00622552428,22641.564078948846,43337.121200198926,132608.51168696026
40,Juvenile/Adult,calving grounds,30,0.6199981687779041,0.002004567699580897,828.1947288940581,214.3468294926027,410.0732761721297,1255.620391415133,24845.841866821742,6430.404884778081,12302.198285163891,37668.611742454
40,Juvenile/Adult,foraging,154,1.0399956820580856,0.0020042961433952506,1389.2297793800578,359.52941981486083,688.1868848056721,2106.0582355349634,213941.38602452888,55367.53065148857,105980.78026007353,324332.9682723844
40,Juvenile/Adult,northbound,90,0.49999895363010943,3.005712532522517e-4,667.9009434447465,172.8447477568098,330.999960906901,1013.9009563090743,60111.08491002719,15556.027298112884,29789.99648162109,91251.08606781671
40,Juvenile/Adult,southbound,91,0.7199973303439192,0.0020044912103815583,961.7741934739397,248.9134904111349,476.28627896195957,1457.7032438901008,87521.45160612851,22651.127627413272,43342.051385538325,132650.99519399917
41,Juvenile/Adult,calving grounds,30,0.6199981687779041,0.002004567699580897,828.3570536968283,214.4235454006536,410.1114485258439,1255.9579319309069,24850.711610904847,6432.706362019609,12303.343455775317,37678.7379579272
41,Juvenile/Adult,foraging,154,1.0399956820580856,0.0020042961433952506,1389.502066117595,359.6581020095556,688.2509486801544,2106.628556243788,213983.31818210962,55387.34770947156,105990.64609674376,324420.79766154336
41,Juvenile/Adult,northbound,90,0.49999895363010943,3.005712532522517e-4,668.0318508575795,172.90661277406846,331.0307759847542,1014.1757482760648,60122.86657718215,15561.595149666162,29792.76983862788,91275.81734484583
41,Juvenile/Adult,southbound,91,0.7199973303439192,0.0020044912103815583,961.9626996383178,249.00257927255794,476.33062603274135,1458.0973958871346,87538.60566708691,22659.234713802773,43346.08696897947,132686.86302572928
42,Juvenile/Adult,calving grounds,30,0.6199981687779041,0.002004567699580897,828.493885790009,214.4893881480371,410.1421980036073,1256.245556707518,24854.81657370027,6434.681644441113,12304.265940108216,37687.36670122553
42,Juvenile/Adult,foraging,154,1.0399956820580856,0.0020042961433952506,1389.7315908947453,359.768545801624,688.3025550981457,2107.114640197147,214018.66499779077,55404.356053450094,105998.59348511443,324495.6545903606
42,Juvenile/Adult,northbound,90,0.49999895363010943,3.005712532522517e-4,668.1421995819248,172.95970954313046,331.05559910131035,1014.4099588553969,60132.79796237323,15566.37385888174,29795.003919117935,91296.89629698572
42,Juvenile/Adult,southbound,91,0.7199973303439192,0.0020044912103815583,962.1216013751147,249.07904134492176,476.36635030728655,1458.4333168158946,87553.06572513543,22666.19276238788,43349.33787796308,132717.4318302464
43,Juvenile/Adult,calving grounds,30,0.6199981687779041,0.002004567699580897,828.610002807521,214.54715076657868,410.1659972452969,1256.4946107172545,24858.300084225633,6436.41452299736,12304.979917358907,37694.838321517636
43,Juvenile/Adult,foraging,154,1.0399956820580856,0.0020042961433952506,1389.926367806111,359.8654362230346,688.3424973740398,2107.5357030769665,214048.6606421411,55419.27717834732,106004.74459560213,324560.4982738528
43,Juvenile/Adult,northbound,90,0.49999895363010943,3.005712532522517e-4,668.2358425564901,173.0062904373509,331.07481191088414,1014.6128490881543,60141.225830084106,15570.566139361581,29796.733071979572,91315.15641793387
43,Juvenile/Adult,southbound,91,0.7199973303439192,0.0020044912103815583,962.2564469027558,249.1461201394229,476.39400124188273,1458.7242801149887,87565.33666815078,22672.29693268748,43351.85411301133,132743.909490464
44,Juvenile/Adult,calving grounds,30,0.6199981687779041,0.002004567699580897,828.7050947561796,214.5921813133439,410.1882516171964,1256.692579164385,24861.152842685387,6437.7654394003175,12305.647548515892,37700.777374931546
44,Juvenile/Adult,foraging,154,1.0399956820580856,0.0020042961433952506,1390.0858768646149,359.9409698400476,688.3798464430184,2107.8702054810337,214073.2250371507,55430.90935536733,106010.49635222481,324612.0116440792
44,Juvenile/Adult,northbound,90,0.49999895363010943,3.005712532522517e-4,668.3125297955189,173.04260384228252,331.09277703042653,1014.774019481146,60148.12768159671,15573.834345805426,29798.349932738387,91329.66175330312
44,Juvenile/Adult,southbound,91,0.7199973303439192,0.0020044912103815583,962.3668762284143,249.19841333867325,476.41985551588505,1458.9554555990835,87575.3857367857,22677.055613819266,43354.20685194554,132764.9464595166
45,Juvenile/Adult,calving grounds,30,0.6199981687779041,0.002004567699580897,828.7885657569661,214.63591314621635,410.2026743049071,1256.8774310351107,24863.656972708985,6439.077394386491,12306.080229147214,37706.32293105332
45,Juvenile/Adult,foraging,154,1.0399956820580856,0.0020042961433952506,1390.2258927209332,360.01432531918175,688.4040524834934,2108.182912309781,214094.7874790237,55442.20609915399,106014.22408245798,324660.1684957063
45,Juvenile/Adult,northbound,90,0.49999895363010943,3.005712532522517e-4,668.3798452712264,173.0778701360388,331.10442079531754,1014.924708224853,60154.186074410376,15577.008312243492,29799.397871578574,91343.22374023679
45,Juvenile/Adult,southbound,91,0.7199973303439192,0.0020044912103815583,962.4638102647293,249.24919845346466,476.43661410275575,1459.1715160762544,87584.20673409037,22681.677059265283,43355.73188335077,132784.60796293913
46,Juvenile/Adult,calving grounds,30,0.6199981687779041,0.002004567699580897,828.8561171703603,214.66865898357707,410.2175632506373,1257.0200575337574,24865.68351511081,6440.059769507313,12306.52689751912,37710.60172601273
46,Juvenile/Adult,foraging,154,1.0399956820580856,0.0020042961433952506,1390.3392047571274,360.06925278934034,688.4290404360548,2108.423970876716,214112.23753259762,55450.664929558414,106018.07222715246,324697.29151501425
46,Juvenile/Adult,northbound,90,0.49999895363010943,3.005712532522517e-4,668.4343223464099,173.10427697547814,331.1164402392576,1015.0408589700985,60159.08901117689,15579.384927793033,29800.479621533184,91353.67730730886
46,Juvenile/Adult,southbound,91,0.7199973303439192,0.0020044912103815583,962.5422570433183,249.28722564708593,476.4539120229337,1459.3381029162308,87591.34539094196,22685.13753388482,43357.305994086964,132799.767365377
47,Juvenile/Adult,calving grounds,30,0.6199981687779041,0.002004567699580897,828.9141885881294,214.69898762160497,410.2277142369984,1257.1484068649936,24867.425657643882,6440.969628648149,12306.831427109952,37714.452205949805
47,Juvenile/Adult,foraging,154,1.0399956820580856,0.0020042961433952506,1390.436614866177,360.12012583396245,688.446077126079,2108.641086622869,214127.23868939126,55458.49937843022,106020.69587741618,324730.7273399218
47,Juvenile/Adult,northbound,90,0.49999895363010943,3.005712532522517e-4,668.4811542412232,173.12873463952906,331.124635335198,1015.1454833726182,60163.30388171008,15581.586117557616,29801.217180167816,91363.09350353564
47,Juvenile/Adult,southbound,91,0.7199973303439192,0.0020044912103815583,962.6096947985186,249.32244583288514,476.4657069747623,1459.4881171694426,87597.4822266652,22688.342570792545,43358.37933470337,132813.41866241928
48,Juvenile/Adult,calving grounds,30,0.6199981687779041,0.002004567699580897,828.9631503440525,214.72476550461815,410.2360213941274,1257.2571668641485,24868.894510321574,6441.742965138545,12307.080641823823,37717.71500592446
48,Juvenile/Adult,foraging,154,1.0399956820580856,0.0020042961433952506,1390.5187442538022,360.1633654876566,688.4600193130383,2108.825082063948,214139.88661508553,55465.15828509912,106022.8429742079,324759.06263784796
48,Juvenile/Adult,northbound,90,0.49999895363010943,3.005712532522517e-4,668.520639617445,173.149522485762,331.1313419279303,1015.2341485828492,60166.85756557005,15583.45702371858,29801.820773513726,91371.07337245643
48,Juvenile/Adult,southbound,91,0.7199973303439192,0.0020044912103815583,962.66655359479455,249.35238130011138,476.47535967532065,1459.6152448256184,87602.6563771263,22691.066698310136,43359.257730454185,132824.98727913128
49,Juvenile/Adult,calving grounds,30,0.6199981687779041,0.002004567699580897,829.0037386540643,214.7455835592423,410.24357826943304,1257.3458740848619,24870.112159621927,6442.367506777269,12307.307348082992,37720.376222545856
49,Juvenile/Adult,foraging,154,1.0399956820580856,0.0020042961433952506,1390.586827862974,360.19828552112193,688.4727021440194,2108.9751079556713,214150.37149089796,55470.53597025277,106024.79613017899,324782.1666251734
49,Juvenile/Adult,northbound,90,0.49999895363010943,3.005712532522517e-4,668.5533722005973,173.16631059545128,331.1374426404347,1015.3064418262735,60169.803498053756,15584.967953590614,29802.369837639126,91377.57976436461
49,Juvenile/Adult,southbound,91,0.7199973303439192,0.0020044912103815583,962.7136883921795,249.37655698274637,476.4841400500905,1459.718908345893,87606.94564368833,22693.26668542992,43360.05674455824,132834.42065947628
50,Juvenile/Adult,calving grounds,30,0.6199981687779041,0.002004567699580897,829.0388794716793,214.76494624252356,410.2484932572687,1257.4262023813224,24871.16638415038,6442.948387275707,12307.454797718061,37722.786071439674
50,Juvenile/Adult,foraging,154,1.0399956820580856,0.0020042961433952506,1390.6457737435599,360.23076441687346,688.480951343382,2109.1110743735217,214159.44915650823,55475.53772019851,106026.06650688083,324803.10545352235
50,Juvenile/Adult,northbound,90,0.49999895363010943,3.005712532522517e-4,668.5817116318661,173.1819251206146,331.14141088899294,1015.3719662431342,60172.35404686796,15586.373260855315,29802.726980009364,91383.47696188209
50,Juvenile/Adult,southbound,91,0.7199973303439192,0.0020044912103815583,962.7544970715263,249.39904259165385,476.48985194701186,1459.8128414142811,87610.6592335089,22695.3128758405,43360.576527178084,132842.96856869955
51,Juvenile/Adult,calving grounds,30,0.6199981687779041,0.002004567699580897,829.0675445728587,214.779958186047,410.2534541326225,1257.489665911876,24872.026337185758,6443.3987455814095,12307.603623978675,37724.689977356284
51,Juvenile/Adult,foraging,154,1.0399956820580856,0.0020042961433952506,1390.6938571336048,360.25594534815303,688.4892773315663,2109.2184326620645,214166.85399857513,55479.41558361557,106027.34870906123,324819.63862995786
51,Juvenile/Adult,northbound,90,0.49999895363010943,3.005712532522517e-4,668.6048287013278,173.19403107540808,331.1454159150381,1015.4237005676569,60174.43458311951,15587.462796786725,29803.08743235343,91388.13305108913
51,Juvenile/Adult,southbound,91,0.7199973303439192,0.0020044912103815583,962.7877855661221,249.4164757339561,476.49561627995433,1459.8870192210902,87613.68848651712,22696.899291790007,43361.10108147585,132849.7187491192
52,Juvenile/Adult,calving grounds,30,0.6199981687779041,0.002004567699580897,829.0918588842438,214.7930116073035,410.2572730034328,1257.544339916032,24872.755766527316,6443.790348219105,12307.718190102982,37726.33019748096
52,Juvenile/Adult,foraging,154,1.0399956820580856,0.0020042961433952506,1390.7346424253699,360.27784108869383,688.4956867339805,2109.310948395923,214173.13493350698,55482.78752765885,106028.33575703298,324833.8860529721
52,Juvenile/Adult,northbound,90,0.49999895363010943,3.005712532522517e-4,668.6244370607284,173.20455764897633,331.1484990647303,1015.4682839152106,60176.19933546556,15588.410188407872,29803.36491582572,91392.14555236895
52,Juvenile/Adult,southbound,91,0.7199973303439192,0.0020044912103815583,962.8160215322126,249.43163448022204,476.5000539452252,1459.9509380397674,87616.25795943134,22698.278737700206,43361.50490901549,132855.53536161882
53,Juvenile/Adult,calving grounds,30,0.6199981687779041,0.002004567699580897,829.1127042122042,214.80479287424234,410.2598294234745,1257.59276833113,24873.381126366126,6444.1437862272705,12307.794882704235,37727.7830499339
53,Juvenile/Adult,foraging,154,1.0399956820580856,0.0020042961433952506,1390.7696087776867,360.29760296222577,688.4999774548595,2109.3929434773668,214178.51975176373,55485.830856182765,106028.99652804837,324846.51329551445
53,Juvenile/Adult,northbound,90,0.49999895363010943,3.005712532522517e-4,668.641247845382,173.21405835260023,331.1505631619817,1015.5077999442312,60177.71230608439,15589.26525173402,29803.550684578357,91395.70199498082
53,Juvenile/Adult,southbound,91,0.7199973303439192,0.0020044912103815583,962.8402290027359,249.44531590347256,476.50302519603514,1460.0075814220663,87618.46083924896,22699.523747216,43361.77529283919,132860.68990940804
54,Juvenile/Adult,calving grounds,30,0.6199981687779041,0.002004567699580897,829.1299502073853,214.81417113901801,410.26239280539534,1257.6318631511497,24873.898506221558,6444.42513417054,12307.871784161858,37728.9558945345
54,Juvenile/Adult,foraging,154,1.0399956820580856,0.0020042961433952506,1390.7985375403882,360.31333402217626,688.5042797382671,2109.4591068099307,214182.97478121976,55488.253439415144,106029.65907969314,324856.7024487293
54,Juvenile/Adult,northbound,90,0.49999895363010943,3.005712532522517e-4,668.6551559368079,173.2216212018701,331.152632734725,1015.5396845888203,60178.96403431271,15589.945908168309,29803.73694612525,91398.57161299384
54,Juvenile/Adult,southbound,91,0.7199973303439192,0.0020044912103815583,962.8602566040922,249.45620674676863,476.5060040593001,1460.0532920853448,87620.2833509724,22700.514813955946,43362.04636939631,132864.8495797664
55,Juvenile/Adult,calving grounds,30,0.6199981687779041,0.002004567699580897,829.144123586768,214.8216654697089,410.26475855853494,1257.6634313254663,24874.323707603042,6444.649964091267,12307.942756756049,37729.90293976399
55,Juvenile/Adult,foraging,154,1.0399956820580856,0.0020042961433952506,1390.822312238555,360.325904965851,688.5082502706587,2109.5125151003954,214186.63608473746,55490.18936474106,106030.27054168144,324864.9273254609
55,Juvenile/Adult,northbound,90,0.49999895363010943,3.005712532522517e-4,668.6665861072227,173.22766479462481,331.1545426804041,1015.565421549733,60179.99274965004,15590.489831516234,29803.90884123637,91400.88793947597
55,Juvenile/Adult,southbound,91,0.7199973303439192,0.0020044912103815583,962.8767160074771,249.4649098006893,476.5087530330439,1460.0901930128919,87621.7811566804,22701.306791862728,43362.29652600699,132868.20756417315
56,Juvenile/Adult,calving grounds,30,0.6199981687779041,0.002004567699580897,829.156749201015,214.82915435012706,410.2658775299139,1257.6936939069333,24874.702476030452,6444.874630503811,12307.976325897414,37730.810817207996
56,Juvenile/Adult,foraging,154,1.0399956820580856,0.0020042961433952506,1390.8434906855655,360.33846682041883,688.510128480556,2109.5637808977026,214189.8975655771,55492.1238903445,106030.55978600563,324872.8222582462
56,Juvenile/Adult,northbound,90,0.49999895363010943,3.005712532522517e-4,668.6767680754488,173.233704025754,331.15544629651333,1015.5901296592476,60180.909126790386,15591.033362317861,29803.9901666862,91403.11166933228
56,Juvenile/Adult,southbound,91,0.7199973303439192,0.0020044912103815583,962.8913780068802,249.47360654081544,476.5100540389781,1460.1256042551954,87623.1153986261,22702.098195214203,43362.41491754701,132871.4299872228
57,Juvenile/Adult,calving grounds,30,0.6199981687779041,0.002004567699580897,829.1670677147127,214.83503168663023,410.2670876030646,1257.7177861116777,24875.01203144138,6445.050950598907,12308.01262809194,37731.533583350334
57,Juvenile/Adult,foraging,154,1.0399956820580856,0.0020042961433952506,1390.8607991580309,360.34832545563796,688.5121594945022,2109.604575436615,214192.56307033676,55493.64212016825,106030.87256215332,324879.1046172387
57,Juvenile/Adult,northbound,90,0.49999895363010943,3.005712532522517e-4,668.6850894753364,173.2384436563117,331.15642334824935,1015.6097900337178,60181.65805278028,15591.459929068053,29804.078101342446,91404.8811030346
57,Juvenile/Adult,southbound,91,0.7199973303439192,0.0020044912103815583,962.9033607934707,249.48043181166176,476.5114605300916,1460.153785205869,87624.20583220583,22702.71929486122,43362.542908238334,132873.9944537341
58,Juvenile/Adult,calving grounds,30,0.6199981687779041,0.002004567699580897,829.1757470884373,214.83997870310074,410.2681014197527,1257.7380599014634,24875.27241265312,6445.199361093022,12308.04304259258,37732.14179704389
58,Juvenile/Adult,foraging,154,1.0399956820580856,0.0020042961433952506,1390.8753581057167,360.3566235736613,688.5138611083453,2109.638904637077,214194.80514828037,55494.92003034384,106031.13461068517,324884.3913141098
58,Juvenile/Adult,northbound,90,0.49999895363010943,3.005712532522517e-4,668.6920889853029,173.24243305374645,331.15724193761446,1015.6263345400318,60182.288008677264,15591.81897483718,29804.151774385304,91406.37010860286
58,Juvenile/Adult,southbound,91,0.7199973303439192,0.0020044912103815583,962.9134400632314,249.4861767145804,476.51263891307843,1460.177499851052,87625.12304575407,22703.24208102682,43362.65014109013,132876.15248644573
59,Juvenile/Adult,calving grounds,30,0.6199981687779041,0.002004567699580897,829.1830200967084,214.84412178173432,410.26895381888585,1257.7550424307865,24875.490602901256,6445.323653452029,12308.068614566575,37732.65127292359
59,Juvenile/Adult,foraging,154,1.0399956820580856,0.0020042961433952506,1390.8875579890612,360.3635731674149,688.5152917943382,2109.6676606295287,214196.68393031543,55495.9902677819,106031.35493632809,324888.8197369474
59,Juvenile/Adult,northbound,90,0.49999895363010943,3.005712532522517e-4,668.697954327151,173.245774135572,331.1579301920945,1015.6401931021996,60182.8158894436,15592.119672201481,29804.213717288512,91407.61737919797
59,Juvenile/Adult,southbound,91,0.7199973303439192,0.0020044912103815583,962.9218861348788,249.49098801538483,476.51362967343886,1460.1973645445587,87625.89163827397,22703.67990940002,43362.74030028293,132877.96017355483
60,Juvenile/Adult,calving grounds,30,0.6199981687779041,0.002004567699580897,829.1892364167277,214.84782991293307,410.26947933063894,1257.7699975347912,24875.67709250183,6445.434897387992,12308.084379919168,37733.09992604373
60,Juvenile/Adult,foraging,154,1.0399956820580856,0.0020042961433952506,1390.8979853632443,360.36979319114016,688.5161738831356,2109.6929966481357,214198.2897459396,55496.94815143559,106031.4907780029,324892.72148381284
60,Juvenile/Adult,northbound,90,0.49999895363010943,3.005712532522517e-4,668.7029674988775,173.24876447135532,331.1583545762043,1015.6524041582219,60183.26707489897,15592.388802421978,29804.251911858388,91408.71637423997
60,Juvenile/Adult,southbound,91,0.7199973303439192,0.0020044912103815583,962.9291050850763,249.49529422061545,476.51424071317217,1460.2148648751825,87626.54856274194,22704.07177407601,43362.79590489867,132879.55270364162
61,Juvenile/Adult,calving grounds,30,0.6199981687779041,0.002004567699580897,829.1944149522946,214.85080626194338,410.27005417516216,1257.7821589684172,24875.832448568835,6445.524187858302,12308.101625254865,37733.464769052516
61,Juvenile/Adult,foraging,154,1.0399956820580856,0.0020042961433952506,1390.9066719379591,360.37478571600906,688.5171387243519,2109.7135912826307,214199.6274784457,55497.71700026539,106031.63936355017,324895.8930575251
61,Juvenile/Adult,northbound,90,0.49999895363010943,3.005712532522517e-4,668.7071437461525,173.25116467435677,331.1588187350687,1015.6623295753981,60183.64293715373,15592.60482069211,29804.293686156183,91409.60966178583
61,Juvenile/Adult,southbound,91,0.7199973303439192,0.0020044912103815583,962.9351188665587,249.49875061466153,476.51490890219605,1460.2290913968125,87627.09581685685,22704.3863059342,43362.85671009984,132880.84731710996
62,Juvenile/Adult,calving grounds,30,0.6199981687779041,0.002004567699580897,829.1988594724064,214.85354181397042,410.27032737665576,1257.793073663099,24875.965784172193,6445.606254419114,12308.109821299671,37733.79220989296
62,Juvenile/Adult,foraging,154,1.0399956820580856,0.0020042961433952506,1390.9141272610377,360.3793743391482,688.5175973426518,2109.7320886605817,214200.7755981998,55498.423648228825,106031.70999076837,324898.74165372964
62,Juvenile/Adult,northbound,90,0.49999895363010943,3.005712532522517e-4,668.7107280438408,173.25337069947417,331.15903941093694,1015.6712449957643,60183.96552394568,15592.803362952676,29804.313546984326,91410.41204961878
62,Juvenile/Adult,southbound,91,0.7199973303439192,0.0020044912103815583,962.9402802432799,249.5019273775933,476.515226726659,1460.241867177304,87627.56550213847,22704.67539136099,43362.885632125966,132882.00991313465
63,Juvenile/Adult,calving grounds,30,0.6199981687779041,0.002004567699580897,829.2025603180779,214.85578824370228,410.270593043412,1257.8020793443125,24876.076809542334,6445.673647311068,12308.11779130236,37734.06238032937
63,Juvenile/Adult,foraging,154,1.0399956820580856,0.0020042961433952506,1390.9203351303902,360.38314250532414,688.5180432917412,2109.7473484658685,214201.73161008008,55499.00394581992,106031.77866692812,324901.0916637438
63,Juvenile/Adult,northbound,90,0.49999895363010943,3.005712532522517e-4,668.7137126029249,173.25518228167516,331.1592539759511,1015.6785998356139,60184.23413426324,15592.966405350764,29804.3328578356,91411.07398520525
63,Juvenile/Adult,southbound,91,0.7199973303439192,0.0020044912103815583,962.9445779983108,249.5045361283025,476.5155357043148,1460.2524071575172,87627.95659784628,22704.912787675526,43362.913749092644,132882.96905133405
64,Juvenile/Adult,calving grounds,30,0.6199981687779041,0.002004567699580897,829.2057443716171,214.85777785083897,410.2707524635716,1257.8099772869625,24876.172331148515,6445.733335525169,12308.122573907149,37734.29931860888
64,Juvenile/Adult,foraging,154,1.0399956820580856,0.0020042961433952506,1390.9256761227123,360.38647987995216,688.5183109271821,2109.7607354968873,214202.55412289768,55499.517901512634,106031.81988278605,324903.1532665206
64,Juvenile/Adult,northbound,90,0.49999895363010943,3.005712532522517e-4,668.7162803931875,173.25678675717828,331.1593827695718,1015.6850522755913,60184.46523538687,15593.110808146046,29804.34444926146,91411.65470480321
64,Juvenile/Adult,southbound,91,0.7199973303439192,0.0020044912103815583,962.9482756078227,249.50684663509492,476.51572124052734,1460.261653008141,87628.29308031187,22705.12304379364,43362.93063288798,132883.81042374083
65,Juvenile/Adult,calving grounds,30,0.6199981687779041,0.002004567699580897,829.2083239133876,214.8592960296328,410.27099553128517,1257.8161289300965,24876.249717401628,6445.778880888984,12308.129865938556,37734.48386790289
65,Juvenile/Adult,foraging,154,1.0399956820580856,0.0020042961433952506,1390.930003095458,360.38902647368917,688.5187189144533,2109.7711556789404,214203.22047670055,55499.91007694814,106031.88271282581,324904.7579745568
65,Juvenile/Adult,northbound,90,0.49999895363010943,3.005712532522517e-4,668.7183606731757,173.25801105624717,331.1595790504041,1015.6900743470608,60184.652460585814,15593.220995062244,29804.36211453637,91412.10669123549
65,Juvenile/Adult,southbound,91,0.7199973303439192,0.0020044912103815583,962.9512712038493,249.50860967631925,476.5160038291925,1460.2688507528892,87628.56567955029,22705.28348054505,43362.956348456515,132884.4654185129
66,Juvenile/Adult,calving grounds,30,0.6199981687779041,0.002004567699580897,829.2105334165159,214.86064887378012,410.27113995878545,1257.821536291477,24876.316002495478,6445.819466213404,12308.134198763562,37734.64608874431
66,Juvenile/Adult,foraging,154,1.0399956820580856,0.0020042961433952506,1390.9337093582851,360.3912957381023,688.5189613575415,2109.780319131263,214203.7912411759,55500.25954366776,106031.9200490614,324906.16914621444
66,Juvenile/Adult,northbound,90,0.49999895363010943,3.005712532522517e-4,668.7201425341688,173.259102027082,331.15969570474215,1015.6944909462663,60184.812828075184,15593.31918243738,29804.372613426796,91412.50418516398
66,Juvenile/Adult,southbound,91,0.7199973303439192,0.0020044912103815583,962.9538370777161,249.51018071747578,476.51617182819086,1460.2751798459037,87628.79917407216,22705.426445290297,43362.971636365364,132885.04136597726
67,Juvenile/Adult,calving grounds,30,0.6199981687779041,0.002004567699580897,829.2122912606148,214.8616409109746,410.2713573158642,1257.8256163056801,24876.368737818444,6445.849227329237,12308.140719475925,37734.76848917041
67,Juvenile/Adult,foraging,154,1.0399956820580856,0.0020042961433952506,1390.9366579996404,360.39295977920403,688.5193261713432,2109.7872269672876,214204.24533194464,55500.51580599742,106031.97623038686,324907.23295296234
67,Juvenile/Adult,northbound,90,0.49999895363010943,3.005712532522517e-4,668.7215601534416,173.25990203023088,331.1598712019859,1015.6978200452255,60184.94041380974,15593.39118272078,29804.38840817873,91412.8038040703
67,Juvenile/Adult,southbound,91,0.7199973303439192,0.0020044912103815583,962.9558784444571,249.5113327565958,476.5164244539428,1460.2799518946395,87628.98493844559,22705.531280850217,43362.99462530879,132885.4756224122
68,Juvenile/Adult,calving grounds,30,0.6199981687779041,0.002004567699580897,829.2139675385996,214.86278332333464,410.27132578336557,1257.83002443775,24876.41902615799,6445.8834997000395,12308.139773500967,37734.900733132505
68,Juvenile/Adult,foraging,154,1.0399956820580856,0.0020042961433952506,1390.9394698203712,360.39487607132304,688.5192733115884,2109.794705721802,214204.67835233719,55500.81091498375,106031.96808998463,324908.3846811575
68,Juvenile/Adult,northbound,90,0.49999895363010943,3.005712532522517e-4,668.7229119930405,173.26082330720988,331.15984581912835,1015.7014251205225,60185.06207937364,15593.47409764889,29804.386123721553,91413.128260847
68,Juvenile/Adult,southbound,91,0.7199973303439192,0.0020044912103815583,962.957825089324,249.51265942783752,476.5163880580301,1460.285116167826,87629.16208312848,22705.652007933215,43362.991313280734,132885.94557127214
69,Juvenile/Adult,calving grounds,30,0.6199981687779041,0.002004567699580897,829.215309430657,214.86364831741844,410.2713607611654,1257.833422746579,24876.45928291971,6445.909449522553,12308.140822834961,37735.00268239737
69,Juvenile/Adult,foraging,154,1.0399956820580856,0.0020042961433952506,1390.9417207357722,360.3963270171752,688.5193320540404,2109.800467804775,214205.0249933089,55501.03436064499,106031.97713632224,324909.2720419353
69,Juvenile/Adult,northbound,90,0.49999895363010943,3.005712532522517e-4,668.7239941661701,173.26152086384522,331.15987410289705,1015.7042025026371,60185.159474955304,15593.53687774607,29804.388669260734,91413.37822523735
69,Juvenile/Adult,southbound,91,0.7199973303439192,0.0020044912103815583,962.9593834151468,249.51366393547139,476.5164288501612,1460.2890955182004,87629.30389077836,22705.743418127895,43362.995025364675,132886.30769215623
70,Juvenile/Adult,calving grounds,30,0.6199981687779041,0.002004567699580897,829.2163872117043,214.8642998881403,410.2714413501012,1257.836038454636,24876.49161635113,6445.928996644209,12308.143240503037,37735.08115363909
70,Juvenile/Adult,foraging,154,1.0399956820580856,0.0020042961433952506,1390.9435286263272,360.3974199631863,688.5194673293913,2109.8048998308213,214205.3034084544,55501.202674330685,106031.9979687263,324909.95457394654
70,Juvenile/Adult,northbound,90,0.49999895363010943,3.005712532522517e-4,668.7248633462227,173.26204630814934,331.1599391885392,1015.7063386162897,60185.23770116005,15593.58416773344,29804.394526968532,91413.57047546608
70,Juvenile/Adult,southbound,91,0.7199973303439192,0.0020044912103815583,962.9606350314874,249.51442059634488,476.51652257140506,1460.292156756047,87629.41778786536,22705.812274267384,43363.00355399786,132886.58626480025
71,Juvenile/Adult,calving grounds,30,0.6199981687779041,0.002004567699580897,829.2173338000072,214.86490612723034,410.27147081352695,1257.8384252883077,24876.520014000216,6445.94718381691,12308.144124405808,37735.15275864923
71,Juvenile/Adult,foraging,154,1.0399956820580856,0.0020042961433952506,1390.9451164516513,360.3984368717719,688.5195168047379,2109.8089466003403,214205.5479335543,55501.359278252865,106032.00558792964,324910.57777645235
71,Juvenile/Adult,northbound,90,0.49999895363010943,3.005712532522517e-4,668.725626725387,173.26253519702408,331.15996300595145,1015.708289184725,60185.30640528482,15593.628167732168,29804.39667053563,91413.74602662526
71,Juvenile/Adult,southbound,91,0.7199973303439192,0.0020044912103815583,962.9617342950137,249.51512461473283,476.5165569084319,1460.2949515342507,87629.51782084625,22705.87633994069,43363.0066786673,132886.84058961683
72,Juvenile/Adult,calving grounds,30,0.6199981687779041,0.002004567699580897,829.2181187670828,214.86539935372033,410.2715068005937,1257.8403795566192,24876.543563012485,6445.96198061161,12308.145204017812,37735.21138669858
72,Juvenile/Adult,foraging,154,1.0399956820580856,0.0020042961433952506,1390.9464331704407,360.39926421192456,688.5195772222395,2109.812259289475,214205.75070824786,55501.48668863638,106032.01489222488,324911.08793057915
72,Juvenile/Adult,northbound,90,0.49999895363010943,3.005712532522517e-4,668.7262597646152,173.26293294891946,331.1599920821054,1015.7098858847312,60185.36337881537,15593.663965402751,29804.399287389486,91413.88972962581
72,Juvenile/Adult,southbound,91,0.7199973303439192,0.0020044912103815583,962.9626458694239,249.51569739275598,476.51659879954076,1460.2972394389387,87629.60077411757,22705.928462740794,43363.01049075821,132887.04878894342
73,Juvenile/Adult,calving grounds,30,0.6199981687779041,0.002004567699580897,829.2187902295373,214.86584012506626,410.27151464753877,1257.8421009400274,24876.563706886118,6445.9752037519875,12308.145439426162,37735.26302820082
73,Juvenile/Adult,foraging,154,1.0399956820580856,0.0020042961433952506,1390.947559494401,360.40000356463963,688.5195904129608,2109.8151785919754,214205.92416213776,55501.600548954506,106032.01692359596,324911.5375031642
73,Juvenile/Adult,northbound,90,0.49999895363010943,3.005712532522517e-4,668.7268012676367,173.26328840014804,331.1599984420632,1015.7112930488107,60185.4121140873,15593.695956013324,29804.399859785688,91414.01637439296
73,Juvenile/Adult,southbound,91,0.7199973303439192,0.0020044912103815583,962.9634256320569,249.5162092555509,476.51660799942067,1460.299255457051,87629.67173251718,22705.97504225513,43363.01132794728,132887.23224659165
74,Juvenile/Adult,calving grounds,30,0.6199981687779041,0.002004567699580897,829.2193334807121,214.86617735930793,410.27154455324,1257.8434425937528,24876.58000442136,6445.985320779238,12308.146336597201,37735.303277812585
74,Juvenile/Adult,foraging,154,1.0399956820580856,0.0020042961433952506,1390.9484707543154,360.40056924252406,688.5196406170078,2109.817452535004,214206.06449616456,55501.687663348705,106032.02465501918,324911.88769039063
74,Juvenile/Adult,northbound,90,0.49999895363010943,3.005712532522517e-4,668.7272393743061,173.26356035530654,331.1600226003648,1015.7123890620164,60185.45154368755,15593.720431977588,29804.402034032835,91414.11501558148
74,Juvenile/Adult,southbound,91,0.7199973303439192,0.0020044912103815583,962.9640565042093,249.51660088157584,476.51664279716147,1460.3008259954336,87629.72914188304,22706.010680223404,43363.0144945417,132887.37516558444
75,Juvenile/Adult,calving grounds,30,0.6199981687779041,0.002004567699580897,829.2198358364755,214.8665328103316,410.2715191918971,1257.844798122606,24876.59507509426,6445.995984309947,12308.145575756911,37735.343943678185
75,Juvenile/Adult,foraging,154,1.0399956820580856,0.0020042961433952506,1390.9493134154702,360.40116547972974,688.5195980740103,2109.819753204709,214206.19426598243,55501.77948387838,106032.01810339758,324912.24199352507
75,Juvenile/Adult,northbound,90,0.49999895363010943,3.005712532522517e-4,668.7276445006481,173.2638470025242,331.1600021514335,1015.7134981308021,60185.48800505833,15593.746230227178,29804.400193629022,91414.2148317722
75,Juvenile/Adult,southbound,91,0.7199973303439192,0.0020044912103815583,962.964639884938,249.51701366323755,476.51661341336285,1460.3024145396148,87629.78222952936,22706.048243354617,43363.01182061601,132887.51972310492
