age_yrs,Lifestage,Activity_stages,no_days,mean_bpm,se_bpm,Es_perday,Es_perday_sd,Es_perday_quant025,Es_perday_quant975,Es,Es_sd,Es_quant025,Es_quant975
8,Pregnant,calving grounds recently pregnant,51,0.6199981687779041,0.002004567699580897,593.5850044833942,253.10095413859102,223.00821536331023,1202.602431687539,30272.8352286531,12908.148661068142,11373.418983528822,61332.72401606449
8,Pregnant,foraging pregnant,153,1.339996661728431,0.0010019379297723514,1279.9496691638642,349.07069727575214,620.0735880493045,2002.399754393986,195832.29938207124,53407.816683190074,94871.25897154358,306367.1624222799
8,Pregnant,northbound pregnant,100,0.49999957105348425,0.00200467300671939,479.056228564874,235.6203887743637,158.25515172492348,1060.92281887884,47905.622856487396,23562.03887743637,15825.51517249235,106092.28188788399
8,Pregnant,southbound pregnant,61,0.7199973303439192,0.0020044912103815583,689.0241195199035,269.29345042489444,273.881374577491,1322.8514924959995,42030.47129071411,16426.90047591856,16706.76384922695,80693.94104225596
8,Pregnant,Southbound recently pregnant,31,0.7199973303439192,0.0020044912103815583,689.0241195199035,269.29345042489444,273.881374577491,1322.8514924959995,21359.747705117006,8348.096963171727,8490.322611902222,41008.396267375974
9,Pregnant,calving grounds recently pregnant,51,0.6199981687779041,0.002004567699580897,628.7873012357426,267.69801534426546,236.68128522886354,1272.94594749917,32068.15236302287,13652.59878255754,12070.745546672042,64920.243322457674
9,Pregnant,foraging pregnant,153,1.339996661728431,0.0010019379297723514,1355.8613402921337,368.4986426155436,658.3922549478647,2116.55706994076,207446.78506469645,56380.29232017817,100734.01500702329,323833.2317009362
9,Pregnant,northbound pregnant,100,0.49999957105348425,0.00200467300671939,507.465911456867,249.29133166765308,167.98662415573364,1123.8219743459654,50746.591145686696,24929.13316676531,16798.662415573366,112382.19743459654
9,Pregnant,southbound pregnant,61,0.7199973303439192,0.0020044912103815583,729.8868504698213,284.7527560363747,290.8725695595938,1400.5904829012545,44523.0978786591,17369.918118218855,17743.22674313522,85436.01945697653
9,Pregnant,Southbound recently pregnant,31,0.7199973303439192,0.0020044912103815583,729.8868504698213,284.7527560363747,290.8725695595938,1400.5904829012545,22626.492364564463,8827.335437127615,9017.049656347406,43418.304969938894
10,Pregnant,calving grounds recently pregnant,51,0.6199981687779041,0.002004567699580897,659.2137249901986,280.2630509188729,248.55637153245175,1333.547433503485,33619.89997450013,14293.41559686252,12676.374948155039,68010.91910867774
10,Pregnant,foraging pregnant,153,1.339996661728431,0.0010019379297723514,1421.4747379157575,385.1294206813935,691.7106981437535,2216.4515102847286,217485.6349011109,58924.80136425321,105831.73681599426,339117.08107356343
10,Pregnant,northbound pregnant,100,0.49999957105348425,0.00200467300671939,532.0212027087409,261.06980720687204,176.51608039879036,1177.6440570008283,53202.12027087409,26106.980720687206,17651.608039879036,117764.40570008282
10,Pregnant,southbound pregnant,61,0.7199973303439192,0.0020044912103815583,765.205819501605,298.0506832367201,305.47974308199065,1465.681851876495,46677.554989597906,18181.091677439923,18634.26432800143,89406.5929644662
10,Pregnant,Southbound recently pregnant,31,0.7199973303439192,0.0020044912103815583,765.205819501605,298.0506832367201,305.47974308199065,1465.681851876495,23721.380404549756,9239.571180338322,9469.87203554171,45436.137408171344
11,Pregnant,calving grounds recently pregnant,51,0.6199981687779041,0.002004567699580897,685.2618553482614,290.8491353262804,258.90972718550927,1384.9803880354993,34948.35462276133,14833.3059016403,13204.396086460973,70633.99978981046
11,Pregnant,foraging pregnant,153,1.339996661728431,0.0010019379297723514,1477.6485308652632,398.83641736026186,720.881191702008,2299.6352167348678,226080.22522238526,61021.971856120064,110294.82233040722,351844.1881604348
11,Pregnant,northbound pregnant,100,0.49999957105348425,0.00200467300671939,553.0428195149311,271.0284085123092,183.99981838152303,1223.3911608763824,55304.28195149311,27102.84085123092,18399.981838152304,122339.11608763823
11,Pregnant,southbound pregnant,61,0.7199973303439192,0.0020044912103815583,795.4426610163242,309.22343806047354,318.1133004698943,1520.2496371310456,48522.00232199577,18862.629721688885,19404.911328663547,92735.22786499378
11,Pregnant,Southbound recently pregnant,31,0.7199973303439192,0.0020044912103815583,795.4426610163242,309.22343806047354,318.1133004698943,1520.2496371310456,24658.72249150605,9585.92657987468,9861.512314566722,47127.73875106241
12,Pregnant,calving grounds recently pregnant,51,0.6199981687779041,0.002004567699580897,707.5347048083536,299.8749867287835,267.79202651441005,1428.7253004126778,36084.269945226035,15293.624323167956,13657.393352234914,72864.99032104657
12,Pregnant,foraging pregnant,153,1.339996661728431,0.0010019379297723514,1525.6811033843094,410.4740089411907,745.9258347518073,2371.157865145372,233429.2088177993,62802.52336800217,114126.6527170265,362787.1533672419
12,Pregnant,northbound pregnant,100,0.49999957105348425,0.00200467300671939,571.0176369398405,279.5247762332923,190.4022046718555,1262.01753669825,57101.76369398405,27952.477623329232,19040.22046718555,126201.753669825
12,Pregnant,southbound pregnant,61,0.7199973303439192,0.0020044912103815583,821.2971618572188,318.74462802764197,329.061631503194,1567.573740858236,50099.12687329035,19443.422309686157,20072.759521694836,95621.9981923524
12,Pregnant,Southbound recently pregnant,31,0.7199973303439192,0.0020044912103815583,821.2971618572188,318.74462802764197,329.061631503194,1567.573740858236,25460.212017573784,9881.083468856901,10200.910576599013,48594.78596660532
13,Pregnant,calving grounds recently pregnant,51,0.6199981687779041,0.002004567699580897,726.4912622898729,307.51334189620053,275.4004535975449,1465.8311755464922,37051.05437678352,15683.180436706227,14045.423133474793,74757.3899528711
13,Pregnant,foraging pregnant,153,1.339996661728431,0.0010019379297723514,1566.5624415312711,420.24159420052143,767.4096091074514,2431.072955482876,239684.05355428447,64296.96391267978,117413.67019344009,371954.16218888003
13,Pregnant,northbound pregnant,100,0.49999957105348425,0.00200467300671939,586.3160550697787,286.72426718851614,195.8286175678965,1294.7702742311242,58631.605506977874,28672.426718851613,19582.861756789647,129477.02742311242
13,Pregnant,southbound pregnant,61,0.7199973303439192,0.0020044912103815583,843.3021345318161,326.7940739283834,338.5232496207272,1608.6434946414074,51441.43020644079,19934.43850963139,20649.918226864356,98127.25317312585
13,Pregnant,Southbound recently pregnant,31,0.7199973303439192,0.0020044912103815583,843.3021345318161,326.7940739283834,338.5232496207272,1608.6434946414074,26142.3661704863,10130.616291779887,10494.22073824254,49867.94833388362
14,Pregnant,calving grounds recently pregnant,51,0.6199981687779041,0.002004567699580897,742.6155354331288,314.0446289094448,281.91794572689406,1497.4038436590754,37873.39230708957,16016.276074381683,14377.815232071596,76367.59602661282
14,Pregnant,foraging pregnant,153,1.339996661728431,0.0010019379297723514,1601.3353348776973,428.65470002352663,785.5563485028474,2482.2395960012705,245004.3062362877,65584.16910359958,120190.12132093566,379782.6581881944
14,Pregnant,northbound pregnant,100,0.49999957105348425,0.00200467300671939,599.328792584835,292.87313083811085,200.4912936243508,1322.8086944576742,59932.8792584835,29287.313083811085,20049.129362435076,132280.86944576743
14,Pregnant,southbound pregnant,61,0.7199973303439192,0.0020044912103815583,862.0193237774605,333.6831189369157,346.5231029728774,1643.4897615385405,52583.17875042509,20354.67025515186,21137.90928134552,100252.87545385095
14,Pregnant,Southbound recently pregnant,31,0.7199973303439192,0.0020044912103815583,862.0193237774605,333.6831189369157,346.5231029728774,1643.4897615385405,26722.599037101274,10344.176687044388,10742.2161921592,50948.182607694755
15,Pregnant,calving grounds recently pregnant,51,0.6199981687779041,0.002004567699580897,756.2980594194477,319.6092354592926,287.1832500331103,1524.267491315352,38571.20103039183,16300.071008423924,14646.345751688625,77737.64205708295
15,Pregnant,foraging pregnant,153,1.339996661728431,0.0010019379297723514,1630.8421995464892,435.8626720957727,800.8714417362878,2525.86732993067,249518.85653061283,66686.98883065322,122533.33058565203,386457.70147939253
15,Pregnant,northbound pregnant,100,0.49999957105348425,0.00200467300671939,610.3709994610679,298.1072397920244,204.38358227919568,1346.5204161116535,61037.09994610679,29810.723979202445,20438.358227919565,134652.04161116536
15,Pregnant,southbound pregnant,61,0.7199973303439192,0.0020044912103815583,877.9020856208336,339.5566136413901,353.27500708549064,1672.2789236861904,53552.02722287085,20712.953432124792,21549.77543221493,102009.01434485763
15,Pregnant,Southbound recently pregnant,31,0.7199973303439192,0.0020044912103815583,877.9020856208336,339.5566136413901,353.27500708549064,1672.2789236861904,27214.964654245843,10526.255022883091,10951.525219650212,51840.64663427191
16,Pregnant,calving grounds recently pregnant,51,0.6199981687779041,0.002004567699580897,767.9341802009856,324.4281332875537,291.6197076533834,1547.396482338926,39164.64319025026,16545.834797665237,14872.605090322553,78917.22059928524
16,Pregnant,foraging pregnant,153,1.339996661728431,0.0010019379297723514,1655.934897657645,442.2618703282176,813.5676495500503,2563.792091271399,253358.0393416197,67666.06616021729,124475.85038115768,392260.189964524
16,Pregnant,northbound pregnant,100,0.49999957105348425,0.00200467300671939,619.7618112310234,302.62180555862716,207.61635848052217,1366.617452901159,61976.18112310234,30262.180555862713,20761.635848052218,136661.74529011588
16,Pregnant,southbound pregnant,61,0.7199973303439192,0.0020044912103815583,891.4092719329976,344.6588718839945,358.87375714930204,1697.6571739768754,54375.965587912855,21024.191184923668,21891.299186107422,103557.0876125894
16,Pregnant,Southbound recently pregnant,31,0.7199973303439192,0.0020044912103815583,891.4092719329976,344.6588718839945,358.87375714930204,1697.6571739768754,27633.687429922928,10684.42502840383,11125.086471628363,52627.372393283134
17,Pregnant,calving grounds recently pregnant,51,0.6199981687779041,0.002004567699580897,777.7873240788047,328.5561395617677,295.36771638579586,1567.1371099162748,39667.15352801904,16756.36311765015,15063.753535675589,79923.99260573002
17,Pregnant,foraging pregnant,153,1.339996661728431,0.0010019379297723514,1677.182135147517,447.8284719531521,824.1379876267224,2596.357618478645,256608.86667757013,68517.75620883227,126093.11210688853,397242.7156272326
17,Pregnant,northbound pregnant,100,0.49999957105348425,0.00200467300671939,627.7137522458162,306.47933829033167,210.31125710648269,1384.0014356229192,62771.375224581614,30647.93382903317,21031.12571064827,138400.14356229192
17,Pregnant,southbound pregnant,61,0.7199973303439192,0.0020044912103815583,902.8467285243565,349.0381719081258,363.5358478245215,1719.313978733224,55073.65043998575,21291.328486395672,22175.686717295812,104878.15270272667
17,Pregnant,Southbound recently pregnant,31,0.7199973303439192,0.0020044912103815583,902.8467285243565,349.0381719081258,363.5358478245215,1719.313978733224,27988.248584255052,10820.183329151898,11269.611282560169,53298.73334072995
18,Pregnant,calving grounds recently pregnant,51,0.6199981687779041,0.002004567699580897,786.1418246141337,332.1228313287084,298.5335193123477,1584.0934249736579,40093.23305532082,16938.264397764127,15225.209484929732,80788.76467365654
18,Pregnant,foraging pregnant,153,1.339996661728431,0.0010019379297723514,1695.1969222857167,452.7557661374394,832.8476087306971,2624.603517177176,259365.12910971465,69271.63221902822,127425.68413579665,401564.33812810795
18,Pregnant,northbound pregnant,100,0.49999957105348425,0.00200467300671939,634.4563065862484,309.7987948506535,212.53664788053723,1399.0358050669008,63445.63065862484,30979.879485065354,21253.664788053728,139903.58050669008
18,Pregnant,southbound pregnant,61,0.7199973303439192,0.0020044912103815583,912.5444958452762,352.8338456630556,367.37840622118296,1737.91764583794,55665.214246561845,21522.86458544639,22410.08277949216,106012.97639611432
18,Pregnant,Southbound recently pregnant,31,0.7199973303439192,0.0020044912103815583,912.5444958452762,352.8338456630556,367.37840622118296,1737.91764583794,28288.87937120356,10937.849215554725,11388.730592856671,53875.447020976135
19,Pregnant,calving grounds recently pregnant,51,0.6199981687779041,0.002004567699580897,793.2510245850439,335.2526691355589,301.21015202495045,1598.8328904893642,40455.80225383724,17097.886125913505,15361.717753272475,81540.47741495757
19,Pregnant,foraging pregnant,153,1.339996661728431,0.0010019379297723514,1710.5253489411475,457.2438511674637,839.8988510841527,2649.541008126742,261710.3783879956,69958.30922862195,128504.52421587538,405379.77424339147
19,Pregnant,northbound pregnant,100,0.49999957105348425,0.00200467300671939,640.1939575747609,312.69275779251143,214.34545639893307,1412.483159393819,64019.39575747609,31269.275779251144,21434.545639893306,141248.3159393819
19,Pregnant,southbound pregnant,61,0.7199973303439192,0.0020044912103815583,920.7966316904473,356.181189019527,370.4909886048278,1754.169076046348,56168.594533117284,21727.052530191148,22599.950304894493,107004.31363882724
19,Pregnant,Southbound recently pregnant,31,0.7199973303439192,0.0020044912103815583,920.7966316904473,356.181189019527,370.4909886048278,1754.169076046348,28544.695582403863,11041.616859605338,11485.220646749662,54379.24135743679
20,Pregnant,calving grounds recently pregnant,51,0.6199981687779041,0.002004567699580897,799.2470022361899,337.92051179057927,303.442251905001,1611.3561255173743,40761.59711404568,17233.946101319543,15475.554847155054,82179.16240138607
20,Pregnant,foraging pregnant,153,1.339996661728431,0.0010019379297723514,1723.4531813278395,461.11649435701537,845.739500228535,2670.8401199750883,263688.33674315945,70550.82363662335,129398.14353496587,408638.5383561885
20,Pregnant,northbound pregnant,100,0.49999957105348425,0.00200467300671939,645.0331925228471,315.15411051009943,215.84594045097757,1423.5103358365818,64503.31925228471,31515.41105100994,21584.594045097754,142351.03358365817
20,Pregnant,southbound pregnant,61,0.7199973303439192,0.0020044912103815583,927.7565424399465,359.0391853367598,373.06970784900574,1768.3547820537933,56593.14908883674,21901.390305542347,22757.252178789353,107869.64170528139
20,Pregnant,Southbound recently pregnant,31,0.7199973303439192,0.0020044912103815583,927.7565424399465,359.0391853367598,373.06970784900574,1768.3547820537933,28760.452815638342,11130.214745439553,11565.160943319179,54818.9982436676
21,Pregnant,calving grounds recently pregnant,51,0.6199981687779041,0.002004567699580897,804.3261290004327,340.2333659110397,305.17905177121094,1622.137435547852,41020.632579022065,17351.901661463024,15564.131640331756,82729.00921294044
21,Pregnant,foraging pregnant,153,1.339996661728431,0.0010019379297723514,1734.4035809685247,464.561562566173,850.4864464660891,2689.3847031546406,265363.74788818427,71077.91907262447,130124.42630931165,411475.85958266
21,Pregnant,northbound pregnant,100,0.49999957105348425,0.00200467300671939,649.1325246715836,317.2778214261309,217.0697100957748,1432.9531574085177,64913.25246715836,31727.782142613094,21706.971009577483,143295.31574085177
21,Pregnant,southbound pregnant,61,0.7199973303439192,0.0020044912103815583,933.6521467444828,361.5257553866878,375.1665431334452,1780.680697446457,56952.78095141345,22053.071078587956,22885.159131140153,108621.52254423387
21,Pregnant,Southbound recently pregnant,31,0.7199973303439192,0.0020044912103815583,933.6521467444828,361.5257553866878,375.1665431334452,1780.680697446457,28943.216549078967,11207.298416987322,11630.162837136799,55201.101620840156
22,Pregnant,calving grounds recently pregnant,51,0.6199981687779041,0.002004567699580897,808.6130686541068,342.2123588009969,306.5993704362107,1631.3246788844474,41239.266501359445,17452.830298850844,15636.567892246743,83197.55862310683
22,Pregnant,foraging pregnant,153,1.339996661728431,0.0010019379297723514,1743.6457399569517,467.55262197019357,854.3915804363894,2705.290911238878,266777.7982134136,71535.55116143961,130721.91180676757,413909.5094195483
22,Pregnant,northbound pregnant,100,0.49999957105348425,0.00200467300671939,652.5925225473987,319.08995964412185,218.0363734238016,1440.9872816148495,65259.25225473988,31908.995964412185,21803.637342380156,144098.72816148493
22,Pregnant,southbound pregnant,61,0.7199973303439192,0.0020044912103815583,938.6281884933886,363.6577729176748,376.89205732903275,1790.5408943914108,57256.3194980967,22183.124147978164,22990.415497070997,109222.99455787607
22,Pregnant,Southbound recently pregnant,31,0.7199973303439192,0.0020044912103815583,938.6281884933886,363.6577729176748,376.89205732903275,1790.5408943914108,29097.473843295047,11273.39096044792,11683.653777200016,55506.76772613374
23,Pregnant,calving grounds recently pregnant,51,0.6199981687779041,0.002004567699580897,812.2440214229105,343.93134516073707,307.77625956061775,1639.2424500107923,41424.445092568436,17540.49860319759,15696.589237591506,83601.3649505504
23,Pregnant,foraging pregnant,153,1.339996661728431,0.0010019379297723514,1751.4731611782145,470.2188019333029,857.5374253816922,2719.1681385919937,267975.3936602668,71943.47669579535,131203.22608339888,416032.72520457505
23,Pregnant,northbound pregnant,100,0.49999957105348425,0.00200467300671939,655.5231280108529,320.6561296943078,218.81973522451557,1447.8754519075164,65552.3128010853,32065.612969430782,21881.97352245156,144787.54519075164
23,Pregnant,southbound pregnant,61,0.7199973303439192,0.0020044912103815583,942.8427490114074,365.51657357556246,378.3114282166193,1798.4110661239256,57513.40768969585,22296.510988109312,23076.99712121378,109703.07503355946
23,Pregnant,Southbound recently pregnant,31,0.7199973303439192,0.0020044912103815583,942.8427490114074,365.51657357556246,378.3114282166193,1798.4110661239256,29228.125219353627,11331.013780842437,11727.654274715198,55750.7430498417
24,Pregnant,calving grounds recently pregnant,51,0.6199981687779041,0.002004567699580897,815.3042584456921,345.3995419900095,308.7470680351283,1645.5859356294195,41580.5171807303,17615.376641490482,15746.100469791541,83924.8827171004
24,Pregnant,foraging pregnant,153,1.339996661728431,0.0010019379297723514,1758.0700355666504,472.5258733157434,860.1158957633677,2731.0467065029593,268984.7154416975,72296.45861730874,131597.73205179526,417850.14609495277
24,Pregnant,northbound pregnant,100,0.49999957105348425,0.00200467300671939,657.9931240454955,321.9903304523573,219.51612702399265,1453.79676516329,65799.31240454955,32199.033045235727,21951.612702399267,145379.676516329
24,Pregnant,southbound pregnant,61,0.7199973303439192,0.0020044912103815583,946.3948402425417,367.10722178321714,379.4557551190994,1805.9280494298384,57730.08525479504,22393.540528776248,23146.801062265065,110161.61101522014
24,Pregnant,Southbound recently pregnant,31,0.7199973303439192,0.0020044912103815583,946.3948402425417,367.10722178321714,379.4557551190994,1805.9280494298384,29338.240047518793,11380.323875279732,11763.12840869208,55983.769532324994
25,Pregnant,calving grounds recently pregnant,51,0.6199981687779041,0.002004567699580897,817.8700263278114,346.6315188466502,309.56003562772247,1651.478242384266,41711.37134271838,17678.20746117916,15787.561817013844,84225.39036159757
25,Pregnant,foraging pregnant,153,1.339996661728431,0.0010019379297723514,1763.6009849808356,474.4630527746722,862.2743571739635,2740.871516080124,269830.9507020678,72592.84707452485,131927.97664761642,419353.341960259
25,Pregnant,northbound pregnant,100,0.49999957105348425,0.00200467300671939,660.0640224856714,323.1097009941034,220.09933279051512,1458.8001705127629,66006.40224856714,32310.970099410337,22009.93327905151,145880.01705127626
25,Pregnant,southbound pregnant,61,0.7199973303439192,0.0020044912103815583,949.3729881610999,368.4420922567268,380.3891358186287,1812.0158515357741,57911.752277827094,22474.96762766034,23203.737284936353,110532.96694368223
25,Pregnant,Southbound recently pregnant,31,0.7199973303439192,0.0020044912103815583,949.3729881610999,368.4420922567268,380.3891358186287,1812.0158515357741,29430.562632994097,11421.704859958532,11792.06321037749,56172.491397608996
26,Pregnant,calving grounds recently pregnant,51,0.6199981687779041,0.002004567699580897,820.0601962828144,347.7260211329425,310.20722483300864,1656.545873693934,41823.07001042354,17734.027077780065,15820.56846648344,84483.83955839062
26,Pregnant,foraging pregnant,153,1.339996661728431,0.0010019379297723514,1768.3217654774667,476.24945912793845,863.955211258651,2749.4652152279496,270553.2301180524,72866.16724657458,132185.14732257358,420668.1779298763
26,Pregnant,northbound pregnant,100,0.49999957105348425,0.00200467300671939,661.8318219338353,324.09657989526187,220.54584299993704,1463.1973885529094,66183.18219338352,32409.65798952619,22054.584299993705,146319.73885529095
26,Pregnant,southbound pregnant,61,0.7199973303439192,0.0020044912103815583,951.9151225998535,369.63463512546565,381.1179824145395,1817.611644265573,58066.822478591064,22547.712742653406,23248.19692728691,110874.31030019996
26,Pregnant,Southbound recently pregnant,31,0.7199973303439192,0.0020044912103815583,951.9151225998535,369.63463512546565,381.1179824145395,1817.611644265573,29509.368800595457,11458.673688889436,11814.657454850725,56345.960972232766
27,Pregnant,calving grounds recently pregnant,51,0.6199981687779041,0.002004567699580897,821.8870823971151,348.63459874129364,310.7519619509883,1660.5849249553933,41916.24120225287,17780.364535805977,15848.350059500406,84689.83117272504
27,Pregnant,foraging pregnant,153,1.339996661728431,0.0010019379297723514,1772.2595620959823,477.7257472337258,865.3741866849305,2756.599694223198,271155.7130006853,73092.03932676006,132402.25056279436,421759.7532161493
27,Pregnant,northbound pregnant,100,0.49999957105348425,0.00200467300671939,663.3063903483624,324.91656997152467,220.89717050607197,1466.8520193870322,66330.63903483623,32491.65699715247,22089.7170506072,146685.20193870322
27,Pregnant,southbound pregnant,61,0.7199973303439192,0.0020044912103815583,954.0355978204942,370.62393602724995,381.74483123445196,1822.6535028301637,58196.171467050146,22608.060097662248,23286.43470530157,111181.86367263997
27,Pregnant,Southbound recently pregnant,31,0.7199973303439192,0.0020044912103815583,954.0355978204942,370.62393602724995,381.74483123445196,1822.6535028301637,29575.10353243532,11489.342016844748,11834.089768268012,56502.25858773507
28,Pregnant,calving grounds recently pregnant,51,0.6199981687779041,0.002004567699580897,823.431577880305,349.41764840758844,311.1962912364802,1664.0382566328428,41995.010471895555,17820.30006878701,15871.010853060488,84865.95108827499
28,Pregnant,foraging pregnant,153,1.339996661728431,0.0010019379297723514,1775.5884999172758,479.01990931025995,866.5178196266799,2762.743146896323,271665.0404873432,73290.04612446977,132577.22640288202,422699.70147513744
28,Pregnant,northbound pregnant,100,0.49999957105348425,0.00200467300671939,664.5530469633488,325.6207294478606,221.17868782427973,1469.98548117098,66455.30469633489,32562.072944786058,22117.868782427973,146998.548117098
28,Pregnant,southbound pregnant,61,0.7199973303439192,0.0020044912103815583,955.8282842834861,371.47877619008244,382.2847287351342,1826.555303918058,58305.525341292654,22660.205347595027,23319.368452843184,111419.87353900154
28,Pregnant,Southbound recently pregnant,31,0.7199973303439192,0.0020044912103815583,955.8282842834861,371.47877619008244,382.2847287351342,1826.555303918058,29630.67681278807,11515.842061892556,11850.82659078916,56623.2144214598
29,Pregnant,calving grounds recently pregnant,51,0.6199981687779041,0.002004567699580897,824.7325440690406,350.0841336957833,311.5630976609075,1666.9648659333327,42061.35974752107,17854.290818484948,15889.717980706284,85015.20816259996
29,Pregnant,foraging pregnant,153,1.339996661728431,0.0010019379297723514,1778.3924650117485,480.1312618050991,867.4553377667414,2768.047077529419,272094.04714679753,73460.08305618016,132720.66667831142,423511.202862001
29,Pregnant,northbound pregnant,100,0.49999957105348425,0.00200467300671939,665.6031451389396,326.21891704201414,221.40867676875038,1472.403467891404,66560.31451389396,32621.891704201415,22140.86767687504,147240.34678914043
29,Pregnant,southbound pregnant,61,0.7199973303439192,0.0020044912103815583,957.3383001217056,372.2073692407032,382.8431775643402,1829.7789821603735,58397.63630742404,22704.649523682896,23353.433831424747,111616.51791178276
29,Pregnant,Southbound recently pregnant,31,0.7199973303439192,0.0020044912103815583,957.3383001217056,372.2073692407032,382.8431775643402,1829.7789821603735,29677.487303772876,11538.4284464618,11868.138504494544,56723.14844697158
30,Pregnant,calving grounds recently pregnant,51,0.6199981687779041,0.002004567699580897,825.8169230395711,350.635567245308,311.87335493736936,1669.3934831300737,42116.66307501813,17882.413929510705,15905.541101805838,85139.06763963377
30,Pregnant,foraging pregnant,153,1.339996661728431,0.0010019379297723514,1780.729669542946,481.0448089989813,868.2523883549048,2772.7167245166975,272451.6394400708,73599.85577684414,132842.61541830044,424225.65885105473
30,Pregnant,northbound pregnant,100,0.49999957105348425,0.00200467300671939,666.4784156573852,326.71452561095236,221.6046986661002,1474.3786261756718,66647.84156573852,32671.452561095237,22160.469866610023,147437.8626175672
30,Pregnant,southbound pregnant,61,0.7199973303439192,0.0020044912103815583,958.5969304135474,372.8095904773154,383.3103022506976,1832.675181696538,58474.41275522639,22741.385019116242,23381.92843729255,111793.18608348882
30,Pregnant,Southbound recently pregnant,31,0.7199973303439192,0.0020044912103815583,958.5969304135474,372.8095904773154,383.3103022506976,1832.675181696538,29716.50484281997,11557.097304796778,11882.619369771624,56812.930632592674
31,Pregnant,calving grounds recently pregnant,51,0.6199981687779041,0.002004567699580897,826.7494412416161,351.13523964904005,312.1124448018523,1671.5480370404516,42164.22150332242,17907.89722210104,15917.734684894467,85248.94988906302
31,Pregnant,foraging pregnant,153,1.339996661728431,0.0010019379297723514,1782.7392641166323,481.9091769246465,868.8420251554734,2777.0125656048535,272759.10740984476,73732.10406947092,132932.82984878743,424882.9225375426
31,Pregnant,northbound pregnant,100,0.49999957105348425,0.00200467300671939,667.2311429378173,327.15936471828326,221.74675079644797,1476.1279768177135,66723.11429378173,32715.93647182833,22174.6750796448,147612.79768177136
31,Pregnant,southbound pregnant,61,0.7199973303439192,0.0020044912103815583,959.6792686284797,373.35899550713276,383.60376678669184,1835.5211875440132,58540.43538633726,22774.898725935098,23399.8297739882,111966.7924401848
31,Pregnant,Southbound recently pregnant,31,0.7199973303439192,0.0020044912103815583,959.6792686284797,373.35899550713276,383.60376678669184,1835.5211875440132,29750.05732748287,11574.128860721115,11891.716770387447,56901.15681386441
32,Pregnant,calving grounds recently pregnant,51,0.6199981687779041,0.002004567699580897,827.5200323553473,351.5381897857479,312.3209078511951,1673.3023898056326,42203.52165012272,17928.447679073142,15928.366300410951,85338.42188008728
32,Pregnant,foraging pregnant,153,1.339996661728431,0.0010019379297723514,1784.4000199870638,482.5925519578006,869.3669097665203,2780.450274816882,273013.20305802074,73836.66044954349,133013.1371942776,425408.89204698295
32,Pregnant,northbound pregnant,100,0.49999957105348425,0.00200467300671939,667.8531498950025,327.5196763954097,221.87455489258926,1477.6775719854718,66785.31498950026,32751.96763954097,22187.455489258926,147767.7571985472
32,Pregnant,southbound pregnant,61,0.7199973303439192,0.0020044912103815583,960.5736754447059,373.8006684934045,383.85729774542085,1837.7982158867103,58594.99420212706,22801.840778097674,23415.29516247067,112105.69116908932
32,Pregnant,Southbound recently pregnant,31,0.7199973303439192,0.0020044912103815583,960.5736754447059,373.8006684934045,383.85729774542085,1837.7982158867103,29777.783938785884,11587.82072329554,11899.576230108045,56971.74469248802
33,Pregnant,calving grounds recently pregnant,51,0.6199981687779041,0.002004567699580897,828.1734023124028,351.88847213125104,312.4882866283924,1674.8102203896974,42236.843517932546,17946.3120786938,15936.902618048012,85415.32123987457
33,Pregnant,foraging pregnant,153,1.339996661728431,0.0010019379297723514,1785.8080432443207,483.1986217490792,869.7795562838685,2783.1924270547775,273228.63061638107,73929.38912760912,133076.2721114319,425828.441339381
33,Pregnant,northbound pregnant,100,0.49999957105348425,0.00200467300671939,668.3805493020332,327.83149482750764,221.97395012042017,1479.0111962415167,66838.05493020332,32783.14948275076,22197.39501204202,147901.11962415164
33,Pregnant,southbound pregnant,61,0.7199973303439192,0.0020044912103815583,961.3320168235729,374.18583380499354,384.0604368936015,1839.7932332940036,58641.253026237944,22825.335862104603,23427.68665050969,112227.38723093421
33,Pregnant,Southbound recently pregnant,31,0.7199973303439192,0.0020044912103815583,961.3320168235729,374.18583380499354,384.0604368936015,1839.7932332940036,29801.29252153076,11599.760847954798,11905.873543701648,57033.59023211411
34,Pregnant,calving grounds recently pregnant,51,0.6199981687779041,0.002004567699580897,828.7231469499008,352.1857013621322,312.6264164409374,1676.0852755440023,42264.88049444494,17961.470769468742,15943.94723848781,85480.34905274412
34,Pregnant,foraging pregnant,153,1.339996661728431,0.0010019379297723514,1786.9927230909957,483.7162643883631,870.1174168650928,2785.4533014837384,273409.88663292234,74008.58845141955,133127.96478035918,426174.35512701195
34,Pregnant,northbound pregnant,100,0.49999957105348425,0.00200467300671939,668.8243057133049,328.0956915054019,222.054995629536,1480.139000616258,66882.4305713305,32809.569150540185,22205.4995629536,148013.9000616258
34,Pregnant,southbound pregnant,61,0.7199973303439192,0.0020044912103815583,961.9700815052328,374.5130065249294,384.22794851201473,1841.4903966847735,58680.1749718192,22845.293398020694,23437.904859232898,112330.91419777118
34,Pregnant,Southbound recently pregnant,31,0.7199973303439192,0.0020044912103815583,961.9700815052328,374.5130065249294,384.22794851201473,1841.4903966847735,29821.072526662218,11609.903202272812,11911.066403872455,57086.20229722798
35,Pregnant,calving grounds recently pregnant,51,0.6199981687779041,0.002004567699580897,829.1869070428011,352.439307248803,312.7398390945655,1677.16821286421,42288.53225918285,17974.404669688953,15949.731793822843,85535.57885607473
35,Pregnant,foraging pregnant,153,1.339996661728431,0.0010019379297723514,1787.9920759378542,484.16177298906496,870.3917110518846,2787.3790632923856,273562.7876184917,74076.75126732694,133169.93179093837,426468.99668373505
35,Pregnant,northbound pregnant,100,0.49999957105348425,0.00200467300671939,669.198658713097,328.320664517592,222.1203967124797,1481.0966585853466,66919.8658713097,32832.0664517592,22212.039671247974,148109.66585853466
35,Pregnant,southbound pregnant,61,0.7199973303439192,0.0020044912103815583,962.508344481909,374.7925524425084,384.365345845279,1842.9434154477988,58713.009013396455,22862.345698993013,23446.28609656202,112419.54834231574
35,Pregnant,Southbound recently pregnant,31,0.7199973303439192,0.0020044912103815583,962.508344481909,374.7925524425084,384.365345845279,1842.9434154477988,29837.75867893918,11618.56912571776,11915.32572120365,57131.24587888177
36,Pregnant,calving grounds recently pregnant,51,0.6199981687779041,0.002004567699580897,829.5736714386627,352.65013407558087,312.8351772452321,1678.0695965965535,42308.257243371794,17985.156837854625,15954.594039506836,85581.54942642424
36,Pregnant,foraging pregnant,153,1.339996661728431,0.0010019379297723514,1788.825519422925,484.5312054717242,870.6230453843908,2788.980648074354,273690.30447170755,74133.27443717381,133205.3259438118,426714.0391553762
36,Pregnant,northbound pregnant,100,0.49999957105348425,0.00200467300671939,669.5108589218518,328.50779398522184,222.17565375766145,1481.8904856267886,66951.08589218518,32850.77939852218,22217.56537576615,148189.0485626789
36,Pregnant,southbound pregnant,61,0.7199973303439192,0.0020044912103815583,962.9572431982646,375.0248509119863,384.4808735491678,1844.150070831669,58740.39183509414,22876.515905631164,23453.333286499237,112493.15432073179
36,Pregnant,Southbound recently pregnant,31,0.7199973303439192,0.0020044912103815583,962.9572431982646,375.0248509119863,384.4808735491678,1844.150070831669,29851.674539146203,11625.770378271576,11918.907080024204,57168.65219578173
37,Pregnant,calving grounds recently pregnant,51,0.6199981687779041,0.002004567699580897,829.8988527365825,352.8287843084193,312.9138287155642,1678.8310059597572,42324.84148956571,17994.26799972938,15958.605264493774,85620.38130394761
37,Pregnant,foraging pregnant,153,1.339996661728431,0.0010019379297723514,1789.526240490527,484.84610252846926,870.8123393548302,2790.3362035539376,273797.5147950506,74181.45368685579,133234.28792128904,426921.43914375245
37,Pregnant,northbound pregnant,100,0.49999957105348425,0.00200467300671939,669.7733504202415,328.66614754699987,222.2206712884483,1482.5609842220647,66977.33504202415,32866.614754699985,22222.067128844832,148256.09842220647
37,Pregnant,southbound pregnant,61,0.7199973303439192,0.0020044912103815583,963.334663846753,375.2218842137874,384.576105830993,1845.1749390516418,58763.41449465193,22888.534937041033,23459.142455690577,112555.67128215014
37,Pregnant,Southbound recently pregnant,31,0.7199973303439192,0.0020044912103815583,963.334663846753,375.2218842137874,384.576105830993,1845.1749390516418,29863.37457924934,11631.87841062741,11921.859280760784,57200.42311060089
38,Pregnant,calving grounds recently pregnant,51,0.6199981687779041,0.002004567699580897,830.1730284971724,352.98099940888386,312.9784242656882,1679.4770376847068,42338.824453355795,18002.030969853076,15961.899637550097,85653.32892192004
38,Pregnant,foraging pregnant,153,1.339996661728431,0.0010019379297723514,1790.1170331113985,485.11649866146416,870.9660004619979,2791.489391818429,273887.906066044,74222.82429520402,133257.79807068568,427097.87694821967
38,Pregnant,northbound pregnant,100,0.49999957105348425,0.00200467300671939,669.9946714963215,328.8008248556934,222.25698288135553,1483.1298169970266,66999.46714963215,32880.082485569335,22225.69828813555,148312.98169970265
38,Pregnant,southbound pregnant,61,0.7199973303439192,0.0020044912103815583,963.652883314057,375.38997556232,384.65423172552397,1846.0508602460343,58782.82588215748,22898.788509301517,23463.908135256963,112609.1024750081
38,Pregnant,Southbound recently pregnant,31,0.7199973303439192,0.0020044912103815583,963.652883314057,375.38997556232,384.65423172552397,1846.0508602460343,29873.239382735766,11637.089242431919,11924.28118349124,57227.57666762706
39,Pregnant,calving grounds recently pregnant,51,0.6199981687779041,0.002004567699580897,830.404919324428,353.11212075321333,313.0304723537618,1680.029526773619,42350.65088554583,18008.71815841388,15964.554090041851,85681.50586545456
39,Pregnant,foraging pregnant,153,1.339996661728431,0.0010019379297723514,1790.6166825205091,485.352544381252,871.0870288146542,2792.480149419349,273964.3524256379,74258.93929033156,133276.31540864208,427249.46286116034
39,Pregnant,northbound pregnant,100,0.49999957105348425,0.00200467300671939,670.1818622783336,328.91647529547794,222.28522101385707,1483.6161895178138,67018.18622783336,32891.647529547794,22228.522101385704,148361.6189517814
39,Pregnant,southbound pregnant,61,0.7199973303439192,0.0020044912103815583,963.9220225249165,375.5350904305669,384.71704719233367,1846.8094447168692,58799.243374019905,22907.640516264582,23467.73987873235,112655.37612772902
39,Pregnant,Southbound recently pregnant,31,0.7199973303439192,0.0020044912103815583,963.9220225249165,375.5350904305669,384.71704719233367,1846.8094447168692,29881.58269827241,11641.587803347575,11926.228462962343,57251.09278622294
40,Pregnant,calving grounds recently pregnant,51,0.6199981687779041,0.002004567699580897,830.5991417351115,353.2218388562638,313.07418292999085,1680.4919931927295,42360.556228490685,18014.313781669454,15966.783329429532,85705.09165282921
40,Pregnant,foraging pregnant,153,1.339996661728431,0.0010019379297723514,1791.0351699895512,485.54991718607204,871.1888023085302,2793.3085127142363,274028.38100840134,74289.13732946903,133291.88675320512,427376.20244527806
40,Pregnant,northbound pregnant,100,0.49999957105348425,0.00200467300671939,670.3386455925819,329.0132637669636,222.30898425855116,1484.0233167045403,67033.86455925819,32901.32637669636,22230.898425855114,148402.33167045403
40,Pregnant,southbound pregnant,61,0.7199973303439192,0.0020044912103815583,964.1474428007507,375.65650380508816,384.7698067474689,1847.443999695619,58812.99401084579,22915.04673211038,23470.9582115956,112694.08398143276
40,Pregnant,Southbound recently pregnant,31,0.7199973303439192,0.0020044912103815583,964.1474428007507,375.65650380508816,384.7698067474689,1847.443999695619,29888.57072682327,11645.351617957733,11927.864009171535,57270.76399056419
41,Pregnant,calving grounds recently pregnant,51,0.6199981687779041,0.002004567699580897,830.7621017206427,353.31442583008135,313.11028519195634,1680.8813693810778,42368.867187752774,18019.035717334147,15968.624544789775,85724.94983843497
41,Pregnant,foraging pregnant,153,1.339996661728431,0.0010019379297723514,1791.3862907181092,485.7171503493253,871.2722153443148,2794.0065051435035,274082.10247987066,74314.72400344678,133304.64894768017,427482.995286956
41,Pregnant,northbound pregnant,100,0.49999957105348425,0.00200467300671939,670.4701934377479,329.09486068111283,222.32837473292474,1484.3660787426224,67047.0193437748,32909.486068111284,22232.837473292475,148436.60787426226
41,Pregnant,southbound pregnant,61,0.7199973303439192,0.0020044912103815583,964.3365783932346,375.75902909459506,384.8133516707576,1847.9803473947397,58824.531281987314,22921.3007747703,23473.61445191621,112726.80119107912
41,Pregnant,Southbound recently pregnant,31,0.7199973303439192,0.0020044912103815583,964.3365783932346,375.75902909459506,384.8133516707576,1847.9803473947397,29894.433930190276,11648.529901932448,11929.213901793486,57287.39076923693
42,Pregnant,calving grounds recently pregnant,51,0.6199981687779041,0.002004567699580897,830.8994747894598,353.3932647131573,313.1398629469598,1681.2116253561512,42375.87321426245,18023.05650037102,15970.133010294947,85741.79289316371
42,Pregnant,foraging pregnant,153,1.339996661728431,0.0010019379297723514,1791.6822715365568,485.8605604457011,871.339573221221,2794.599972469572,274127.3875450932,74336.66574819226,133314.9547028468,427573.7957878446
42,Pregnant,northbound pregnant,100,0.49999957105348425,0.00200467300671939,670.5810875197236,329.1642237547086,222.34390172393543,1484.6567668943696,67058.10875197235,32916.42237547086,22234.390172393545,148465.67668943695
42,Pregnant,southbound pregnant,61,0.7199973303439192,0.0020044912103815583,964.4960162667236,375.8464332714029,384.84897958215333,1848.4383593136954,58834.25699227014,22926.632429555575,23475.787754511348,112754.73991813543
42,Pregnant,Southbound recently pregnant,31,0.7199973303439192,0.0020044912103815583,964.4960162667236,375.8464332714029,384.84897958215333,1848.4383593136954,29899.376504268428,11651.239431413489,11930.318367046753,57301.58913872455
43,Pregnant,calving grounds recently pregnant,51,0.6199981687779041,0.002004567699580897,831.0160597986978,353.4614402025108,313.16358919619825,1681.495146872009,42381.81904973359,18026.53345032805,15971.343049006111,85756.25249047247
43,Pregnant,foraging pregnant,153,1.339996661728431,0.0010019379297723514,1791.9334480715063,485.9861805160087,871.3919839781508,2795.1117796837093,274165.81755494047,74355.88561894934,133322.9735486571,427652.1022916075
43,Pregnant,northbound pregnant,100,0.49999957105348425,0.00200467300671939,670.6752021352734,329.2240180065889,222.35576298876043,1484.9062699121425,67067.52021352733,32922.40180065889,22235.576298876043,148490.62699121426
43,Pregnant,southbound pregnant,61,0.7199973303439192,0.0020044912103815583,964.6313256989323,375.92217893019716,384.877480600284,1848.8365090162035,58842.51086763487,22931.25291474203,23477.526316617324,112779.0270499884
43,Pregnant,Southbound recently pregnant,31,0.7199973303439192,0.0020044912103815583,964.6313256989323,375.92217893019716,384.877480600284,1848.8365090162035,29903.5710966669,11653.587546836112,11931.201898608806,57313.9317795023
44,Pregnant,calving grounds recently pregnant,51,0.6199981687779041,0.002004567699580897,831.1115242630433,353.51574210979845,313.18467403003154,1681.7234012500112,42386.68773741521,18029.302847599723,15972.418375531608,85767.89346375056
44,Pregnant,foraging pregnant,153,1.339996661728431,0.0010019379297723514,1792.1391392975022,486.08433478522954,871.4406259619246,2795.5210559169345,274197.28831251786,74370.90322214013,133330.41577217449,427714.721555291
44,Pregnant,northbound pregnant,100,0.49999957105348425,0.00200467300671939,670.7522649620083,329.27186520773074,222.36706058900975,1485.1071964772507,67075.22649620083,32927.18652077307,22236.706058900978,148510.71964772505
44,Pregnant,southbound pregnant,61,0.7199973303439192,0.0020044912103815583,964.7421241700271,375.98231741063415,384.9029086066702,1849.1511521670614,58849.269574371654,22934.921362048684,23479.077425006886,112798.22028219074
44,Pregnant,Southbound recently pregnant,31,0.7199973303439192,0.0020044912103815583,964.7421241700271,375.98231741063415,384.9029086066702,1849.1511521670614,29907.00584927084,11655.45183972966,11931.990166806776,57323.6857171789
45,Pregnant,calving grounds recently pregnant,51,0.6199981687779041,0.002004567699580897,831.1953421118819,353.56623893941503,313.2001223130797,1681.931029604826,42390.96244770598,18031.878185910165,15973.206237967062,85778.48250984614
45,Pregnant,foraging pregnant,153,1.339996661728431,0.0010019379297723514,1792.3197033019871,486.1792251735039,871.4727438297671,2795.898547296187,274224.914605204,74385.4214515461,133335.32980595436,427772.47773631656
45,Pregnant,northbound pregnant,100,0.49999957105348425,0.00200467300671939,670.8199298279076,329.315939309785,222.374048299632,1485.2898546926738,67081.99298279076,32931.5939309785,22237.404829963198,148528.98546926738
45,Pregnant,southbound pregnant,61,0.7199973303439192,0.0020044912103815583,964.8394021388152,376.03860898740743,384.9213686486119,1849.4484514480641,58855.20353046773,22938.355148231854,23480.203487565326,112816.35553833192
45,Pregnant,Southbound recently pregnant,31,0.7199973303439192,0.0020044912103815583,964.8394021388152,376.03860898740743,384.9213686486119,1849.4484514480641,29910.02146630327,11657.196878609631,11932.562428106969,57332.901994889995
46,Pregnant,calving grounds recently pregnant,51,0.6199981687779041,0.002004567699580897,831.2631617269298,353.60532461558273,313.2145498187354,1682.0944851700424,42394.42124807341,18033.87155539472,15973.942040755506,85786.81874367216
46,Pregnant,foraging pregnant,153,1.339996661728431,0.0010019379297723514,1792.4658239854477,486.2505245613232,871.5053938814075,2796.1925704562987,274247.27106977353,74396.33025788245,133340.32526385534,427817.46327981364
46,Pregnant,northbound pregnant,100,0.49999957105348425,0.00200467300671939,670.874677259245,329.35030326507217,222.38154665531718,1485.4337203795012,67087.467725924507,32935.03032650722,22238.154665531718,148543.37203795012
46,Pregnant,southbound pregnant,61,0.7199973303439192,0.0020044912103815583,964.9181147326032,376.08196184184834,384.93873734894794,1849.6751825670324,58860.0049986888,22940.999672352747,23481.262978285824,112830.18613658898
46,Pregnant,Southbound recently pregnant,31,0.7199973303439192,0.0020044912103815583,964.9181147326032,376.08196184184834,384.93873734894794,1849.6751825670324,29912.4615567107,11658.540817097299,11933.100857817386,57339.930659578
47,Pregnant,calving grounds recently pregnant,51,0.6199981687779041,0.002004567699580897,831.3214739950531,353.6403919900542,313.22536734582803,1682.2387674459048,42397.395173747704,18035.659991492765,15974.49373463723,85794.17713974114
47,Pregnant,foraging pregnant,153,1.339996661728431,0.0010019379297723514,1792.5914435292748,486.31634170372445,871.5279806925705,2796.454776799993,274266.490859979,74406.40028066984,133343.78104596326,427857.5808503989
47,Pregnant,northbound pregnant,100,0.49999957105348425,0.00200467300671939,670.9217517765342,329.3809194163259,222.38647510796432,1485.560653214361,67092.17517765341,32938.09194163259,22238.647510796432,148556.06532143606
47,Pregnant,southbound pregnant,61,0.7199973303439192,0.0020044912103815583,964.9857913087874,376.1210454384592,384.9516685061998,1849.880645977083,58864.13326983603,22943.383771746012,23482.051778878187,112842.71940460207
47,Pregnant,Southbound recently pregnant,31,0.7199973303439192,0.0020044912103815583,964.9857913087874,376.1210454384592,384.9516685061998,1849.880645977083,29914.55953057241,11659.752408592234,11933.501723692194,57346.30002528957
48,Pregnant,calving grounds recently pregnant,51,0.6199981687779041,0.002004567699580897,831.3706397958213,353.6700979717193,313.234337424838,1682.3607736722165,42399.90262958688,18037.174996557686,15974.951208666738,85800.39945728304
48,Pregnant,foraging pregnant,153,1.339996661728431,0.0010019379297723514,1792.6973576197533,486.372263914573,871.5465039302093,2796.676747602231,274282.6957158223,74414.95637892967,133346.61510132204,427891.54238314135
48,Pregnant,northbound pregnant,100,0.49999957105348425,0.00200467300671939,670.9614426841329,329.40683514396835,222.3904863546849,1485.6679833051676,67096.14426841329,32940.683514396835,22239.048635468487,148566.79833051676
48,Pregnant,southbound pregnant,61,0.7199973303439192,0.0020044912103815583,965.0428524409906,376.154170690367,384.9623812691185,1850.0549045800417,58867.61399890043,22945.404412112388,23482.70525741623,112853.34917938255
48,Pregnant,Southbound recently pregnant,31,0.7199973303439192,0.0020044912103815583,965.0428524409906,376.154170690367,384.9623812691185,1850.0549045800417,29916.32842567071,11660.779291401377,11933.833819342675,57351.70204198129
49,Pregnant,calving grounds recently pregnant,51,0.6199981687779041,0.002004567699580897,831.4113946508447,353.69435267414167,313.24217471568556,1682.460961179165,42401.98112719308,18038.411986381223,15975.350910499965,85805.50902013741
49,Pregnant,foraging pregnant,153,1.339996661728431,0.0010019379297723514,1792.7851569852537,486.4174775278232,871.5632467790062,2796.858365953708,274296.1290187438,74421.87406175696,133349.17675718796,427919.32999091723
49,Pregnant,northbound pregnant,100,0.49999957105348425,0.00200467300671939,670.9943430648574,329.4280469998823,222.39419574764608,1485.7561333726753,67099.43430648574,32942.80469998823,22239.419574764608,148575.61333726754
49,Pregnant,southbound pregnant,61,0.7199973303439192,0.0020044912103815583,965.0901523611154,376.181171881609,384.9717682091881,1850.1966252766956,58870.49929402804,22947.05148477815,23483.27786076047,112861.99414187844
49,Pregnant,Southbound recently pregnant,31,0.7199973303439192,0.0020044912103815583,965.0901523611154,376.181171881609,384.9717682091881,1850.1966252766956,29917.79472319458,11661.616328329877,11934.12481448483,57356.095383577565
50,Pregnant,calving grounds recently pregnant,51,0.6199981687779041,0.002004567699580897,831.4466859831745,353.71625359875907,313.24798589932016,1682.5500164111795,42403.7809851419,18039.528933536712,15975.647280865333,85810.05083697017
50,Pregnant,foraging pregnant,153,1.339996661728431,0.0010019379297723514,1792.8611756209982,486.4594030136598,871.5743739732881,2797.021413632774,274307.75987001276,74428.28866108994,133350.87921791308,427944.2762858144
50,Pregnant,northbound pregnant,100,0.49999957105348425,0.00200467300671939,671.0228340461133,329.44707246992044,222.39647463109276,1485.83445408792,67102.28340461133,32944.707246992046,22239.647463109275,148583.445408792
50,Pregnant,southbound pregnant,61,0.7199973303439192,0.0020044912103815583,965.1311103374211,376.2056644831769,384.9786661356627,1850.3259681976042,58872.99773058268,22948.545533473793,23483.698634275424,112869.88406005385
50,Pregnant,Southbound recently pregnant,31,0.7199973303439192,0.0020044912103815583,965.1311103374211,376.2056644831769,384.9786661356627,1850.3259681976042,29919.064420460054,11662.375598978484,11934.338650205545,57360.10501412573
51,Pregnant,calving grounds recently pregnant,51,0.6199981687779041,0.002004567699580897,831.4754701660138,353.73359182164,313.2532957972802,1682.6213076058882,42405.248978466705,18040.41318290364,15975.918085661291,85813.6866879003
51,Pregnant,foraging pregnant,153,1.339996661728431,0.0010019379297723514,1792.9231837932134,486.4919773204804,871.5854200946127,2797.1510211555615,274317.24712036166,74433.2725300335,133352.56927447574,427964.1062368009
51,Pregnant,northbound pregnant,100,0.49999957105348425,0.00200467300671939,671.0460710704805,329.4622059781846,222.39887884853314,1485.897171712057,67104.60710704805,32946.22059781846,22239.887884853317,148589.71717120564
51,Pregnant,southbound pregnant,61,0.7199973303439192,0.0020044912103815583,965.1645169123602,376.2249918222017,384.98501155452584,1850.4275920436187,58875.03553165397,22949.724501154302,23484.085704826077,112876.08311466074
51,Pregnant,Southbound recently pregnant,31,0.7199973303439192,0.0020044912103815583,965.1645169123602,376.2249918222017,384.98501155452584,1850.4275920436187,29920.100024283165,11662.974746488253,11934.535358190302,57363.25535335218
52,Pregnant,calving grounds recently pregnant,51,0.6199981687779041,0.002004567699580897,831.4998869959927,353.74851399546264,313.25756689582744,1682.6823313683983,42406.49423679563,18041.174213768594,15976.1359116872,85816.7988997883
52,Pregnant,foraging pregnant,153,1.339996661728431,0.0010019379297723514,1792.9757811081922,486.5202720661581,871.5939844848655,2797.2623443432135,274325.2945095534,74437.6016261222,133353.8796261844,427981.13868451165
52,Pregnant,northbound pregnant,100,0.49999957105348425,0.00200467300671939,671.0657826774244,329.47520045397556,222.400695229003,1485.9508484680666,67106.57826774243,32947.520045397556,22240.0695229003,148595.08484680665
52,Pregnant,southbound pregnant,61,0.7199973303439192,0.0020044912103815583,965.192854550965,376.24165231533937,384.99010007080204,1850.5153792406534,58876.76412760886,22950.740791235705,23484.396104318927,112881.43813367987
52,Pregnant,Southbound recently pregnant,31,0.7199973303439192,0.0020044912103815583,965.192854550965,376.24165231533937,384.99010007080204,1850.5153792406534,29920.978491079914,11663.49122177552,11934.693102194864,57365.97675646026
53,Pregnant,calving grounds recently pregnant,51,0.6199981687779041,0.002004567699580897,831.5208230033344,353.7617046758671,313.2607991022263,1682.7356690178403,42407.56197317006,18041.846938469225,15976.30075421354,85819.51911990985
53,Pregnant,foraging pregnant,153,1.339996661728431,0.0010019379297723514,1793.020875606803,486.54575566512665,871.5998418440026,2797.36034406267,274332.19396784087,74441.50061676437,133354.7758021324,427996.13264158845
53,Pregnant,northbound pregnant,100,0.49999957105348425,0.00200467300671939,671.0826847447262,329.4866322096681,222.4018412693896,1485.9977494796856,67108.26847447261,32948.66322096681,22240.184126938955,148599.77494796857
53,Pregnant,southbound pregnant,61,0.7199973303439192,0.0020044912103815583,965.2171519815107,376.25642756970996,384.9939206810992,1850.593570410677,58878.24627087215,22951.642081752307,23484.629161547055,112886.2077950513
53,Pregnant,Southbound recently pregnant,31,0.7199973303439192,0.0020044912103815583,965.2171519815107,376.25642756970996,384.9939206810992,1850.593570410677,29921.73171142683,11663.949254661007,11934.811541114077,57368.400682731
54,Pregnant,calving grounds recently pregnant,51,0.6199981687779041,0.002004567699580897,831.5381422788033,353.7723694904171,313.2637415848431,1682.7791594250634,42408.44525621897,18042.390844011272,15976.450820827,85821.73713067823
54,Pregnant,foraging pregnant,153,1.339996661728431,0.0010019379297723514,1793.0581828449203,486.5660732791516,871.6056157644998,2797.4398232077624,274337.9019752728,74444.6092117102,133355.65921196848,428008.2929507876
54,Pregnant,northbound pregnant,100,0.49999957105348425,0.00200467300671939,671.0966666290888,329.49590818182253,222.4030463474379,1486.0360007841682,67109.66666290887,32949.59081818225,22240.304634743792,148603.60007841684
54,Pregnant,southbound pregnant,61,0.7199973303439192,0.0020044912103815583,965.2372522642527,376.26834446685234,384.99742019318614,1850.6564304460426,58879.47238811941,22952.369012477993,23484.842631784355,112890.0422572086
54,Pregnant,Southbound recently pregnant,31,0.7199973303439192,0.0020044912103815583,965.2372522642527,376.26834446685234,384.99742019318614,1850.6564304460426,29922.35482019183,11664.318678472424,11934.920025988771,57370.34934382732
55,Pregnant,calving grounds recently pregnant,51,0.6199981687779041,0.002004567699580897,831.5523748762488,353.78099077738176,313.2663148924096,1682.8145330515663,42409.17111868869,18042.830529646468,15976.58205951289,85823.54118562987
55,Pregnant,foraging pregnant,153,1.339996661728431,0.0010019379297723514,1793.0888427796492,486.58232855916475,871.610897150678,2797.5042180581645,274342.5929452863,74447.0962695522,133356.46726405373,428018.14536289923
55,Pregnant,northbound pregnant,100,0.49999957105348425,0.00200467300671939,671.1081564467073,329.50342641804684,222.40418517532478,1486.0671184939592,67110.81564467073,32950.34264180469,22240.41851753248,148606.7118493959
55,Pregnant,southbound pregnant,61,0.7199973303439192,0.0020044912103815583,965.2537703913315,376.27796073597597,385.00049186366715,1850.70703371383,58880.47999387122,22952.955604894534,23485.030003683696,112893.12905654362
55,Pregnant,Southbound recently pregnant,31,0.7199973303439192,0.0020044912103815583,965.2537703913315,376.27796073597597,385.00049186366715,1850.70703371383,29922.866882131275,11664.616782815254,11935.015247773681,57371.918045128725
56,Pregnant,calving grounds recently pregnant,51,0.6199981687779041,0.002004567699580897,831.565057081175,353.78921804991643,313.26801555688206,1682.8474491721531,42409.81791113992,18043.250120545737,15976.668793400988,85825.21990777981
56,Pregnant,foraging pregnant,153,1.339996661728431,0.0010019379297723514,1793.1161564721956,486.5984970174246,871.6135561615315,2797.565106044208,274346.77194024593,74449.57004366597,133356.87409271434,428027.4612247638
56,Pregnant,northbound pregnant,100,0.49999957105348425,0.00200467300671939,671.1183953580256,329.5105247474058,222.40463756857662,1486.0960535811496,67111.83953580256,32951.05247474058,22240.463756857665,148609.605358115
56,Pregnant,southbound pregnant,61,0.7199973303439192,0.0020044912103815583,965.2684885493073,376.287204170992,385.0024816600559,1850.7561451474498,58881.37780150775,22953.519454430516,23485.151381263408,112896.12485399444
56,Pregnant,Southbound recently pregnant,31,0.7199973303439192,0.0020044912103815583,965.2684885493073,376.287204170992,385.0024816600559,1850.7561451474498,29923.323145028528,11664.903329300752,11935.07693146173,57373.44049957095
57,Pregnant,calving grounds recently pregnant,51,0.6199981687779041,0.002004567699580897,831.5754206965483,353.79577826851914,313.2695823724842,1682.8739302216104,42410.34645552397,18043.584691694476,15976.748700996695,85826.57044130212
57,Pregnant,foraging pregnant,153,1.339996661728431,0.0010019379297723514,1793.1384785201733,486.6112061639183,871.6163409959115,2797.6138137172297,274350.1872135865,74451.5145430795,133357.30017237447,428034.91349873616
57,Pregnant,northbound pregnant,100,0.49999957105348425,0.00200467300671939,671.1267621565355,329.5162060730298,222.40521041938285,1486.1193378362009,67112.67621565356,32951.62060730298,22240.521041938286,148611.9337836201
57,Pregnant,southbound pregnant,61,0.7199973303439192,0.0020044912103815583,965.2805160819519,376.29455604657136,385.00433106662535,1850.7950760236279,58882.11148099906,22953.96791884085,23485.264195064145,112898.49963744129
57,Pregnant,Southbound recently pregnant,31,0.7199973303439192,0.0020044912103815583,965.2805160819519,376.29455604657136,385.00433106662535,1850.7950760236279,29923.69599854051,11665.131237443711,11935.134263065385,57374.64735673246
58,Pregnant,calving grounds recently pregnant,51,0.6199981687779041,0.002004567699580897,831.5841380230131,353.8012986181732,313.2708978798617,1682.8962103748433,42410.791039173666,18043.866229526833,15976.815791872948,85827.70672911702
58,Pregnant,foraging pregnant,153,1.339996661728431,0.0010019379297723514,1793.1572546232053,486.62190330895555,871.6186751046658,2797.654798345299,274353.05995735043,74453.1512062702,133357.65729101386,428041.1841468307
58,Pregnant,northbound pregnant,100,0.49999957105348425,0.00200467300671939,671.1337998688956,329.52098654567067,222.4056899990738,1486.1389282451105,67113.37998688956,32952.09865456706,22240.56899990738,148613.89282451104
58,Pregnant,southbound pregnant,61,0.7199973303439192,0.0020044912103815583,965.2906330053568,376.3007428267301,385.00588364282646,1850.8278390164912,58882.72861332676,22954.345312430534,23485.358902212414,112900.49818000596
58,Pregnant,Southbound recently pregnant,31,0.7199973303439192,0.0020044912103815583,965.2906330053568,376.3007428267301,385.00588364282646,1850.8278390164912,29924.009623166057,11665.323027628632,11935.182392927618,57375.66300951123
59,Pregnant,calving grounds recently pregnant,51,0.6199981687779041,0.002004567699580897,831.5914428232426,353.80592290598804,313.27200193835375,1682.914876293851,42411.16358398537,18044.10206820539,15976.872098856042,85828.6586909864
59,Pregnant,foraging pregnant,153,1.339996661728431,0.0010019379297723514,1793.1729883281387,486.63086226992425,871.6206369171903,2797.68913182648,274355.46721420524,74454.52192729841,133357.95744833013,428046.43716945144
59,Pregnant,northbound pregnant,100,0.49999957105348425,0.00200467300671939,671.1396972119892,329.52499126347215,222.40609347941316,1486.1553408022212,67113.96972119893,32952.49912634721,22240.609347941318,148615.53408022213
59,Pregnant,southbound pregnant,61,0.7199973303439192,0.0020044912103815583,965.2991106183067,376.3059251860165,385.0071868040094,1850.8552815871974,58883.24574771671,22954.661436347007,23485.438395044574,112902.17217681905
59,Pregnant,Southbound recently pregnant,31,0.7199973303439192,0.0020044912103815583,965.2991106183067,376.3059251860165,385.0071868040094,1850.8552815871974,29924.272429167508,11665.48368076651,11935.222790924292,57376.51372920313
60,Pregnant,calving grounds recently pregnant,51,0.6199981687779041,0.002004567699580897,831.5976871048741,353.80998779896976,313.2728240570515,1682.9311189497264,42411.48204234858,18044.309377747457,15976.914026909626,85829.48706643605
60,Pregnant,foraging pregnant,153,1.339996661728431,0.0010019379297723514,1793.186436487166,486.63886640503677,871.6218934882689,2797.719201171173,274357.52478253643,74455.74655997062,133358.14970370516,428051.03777918953
60,Pregnant,northbound pregnant,100,0.49999957105348425,0.00200467300671939,671.1447385180732,329.52849653927126,222.4063239362051,1486.1696184816205,67114.47385180731,32952.84965392713,22240.632393620508,148616.96184816203
60,Pregnant,southbound pregnant,61,0.7199973303439192,0.0020044912103815583,965.3063573175783,376.3104937401309,385.0081472973935,1850.8795657445044,58883.68779637228,22954.940118147984,23485.496985141002,112903.65351041475
60,Pregnant,Southbound recently pregnant,31,0.7199973303439192,0.0020044912103815583,965.3063573175783,376.3104937401309,385.0081472973935,1850.8795657445044,29924.49707684493,11665.625305944057,11935.252566219198,57377.266538079624
61,Pregnant,calving grounds recently pregnant,51,0.6199981687779041,0.002004567699580897,831.6028884016013,353.8132981720214,313.27359096742515,1682.9444550926978,42411.74730848166,18044.478206773092,15976.95313933868,85830.16720972759
61,Pregnant,foraging pregnant,153,1.339996661728431,0.0010019379297723514,1793.1976392789431,486.64530018382686,871.6232239450353,2797.7437617526207,274359.2388096783,74456.73092812551,133358.3532635904,428054.7955481509
61,Pregnant,northbound pregnant,100,0.49999957105348425,0.00200467300671939,671.148937674556,329.53136101286975,222.4065931466903,1486.1813440206183,67114.89376745561,32953.136101286975,22240.659314669032,148618.13440206184
61,Pregnant,southbound pregnant,61,0.7199973303439192,0.0020044912103815583,965.3123936820175,376.3142056876123,385.0090509484664,1850.8992363713417,58884.05601460307,22955.16654694435,23485.55210785645,112904.85341865185
61,Pregnant,Southbound recently pregnant,31,0.7199973303439192,0.0020044912103815583,965.3123936820175,376.3142056876123,385.0090509484664,1850.8992363713417,29924.68420414254,11665.740376315982,11935.280579402457,57377.87632751159
62,Pregnant,calving grounds recently pregnant,51,0.6199981687779041,0.002004567699580897,831.60735331184,353.81626126908753,313.2741173948134,1682.956213977393,42411.97501890384,18044.62932472346,15976.979987135483,85830.76691284704
62,Pregnant,foraging pregnant,153,1.339996661728431,0.0010019379297723514,1793.2072545872168,486.65119807898435,871.6239101770177,2797.7656262706973,274360.7099518442,74457.63330608461,133358.45825708372,428058.14081941673
62,Pregnant,northbound pregnant,100,0.49999957105348425,0.00200467300671939,671.1525424827822,329.5339088149301,222.4067001502361,1486.1916782993703,67115.25424827822,32953.39088149301,22240.670015023607,148619.16782993704
62,Pregnant,southbound pregnant,61,0.7199973303439192,0.0020044912103815583,965.3175752977643,376.31754235895056,385.00966025271583,1850.9170174111755,58884.37209316362,22955.370083895985,23485.58927541567,112905.93806208171
62,Pregnant,Southbound recently pregnant,31,0.7199973303439192,0.0020044912103815583,965.3175752977643,376.31754235895056,385.00966025271583,1850.9170174111755,29924.844834230695,11665.843813127467,11935.299467834191,57378.42753974644
63,Pregnant,calving grounds recently pregnant,51,0.6199981687779041,0.002004567699580897,831.6110709875871,353.8187074280553,313.27457859014004,1682.9659510369784,42412.164620366944,18044.754078830818,15977.003508097143,85831.26350288591
63,Pregnant,foraging pregnant,153,1.339996661728431,0.0010019379297723514,1793.2152609515224,486.6560439086619,871.6245605987931,2797.7836961713124,274361.9349255829,74458.37471802527,133358.55777161533,428060.90551421075
63,Pregnant,northbound pregnant,100,0.49999957105348425,0.00200467300671939,671.1555439733588,329.5360148196307,222.40681076070513,1486.2002364574687,67115.55439733589,32953.601481963065,22240.681076070512,148620.02364574687
63,Pregnant,southbound pregnant,61,0.7199973303439192,0.0020044912103815583,965.3218897567328,376.3202945699261,385.0101964371164,1850.9316674385193,58884.635275160705,22955.537968765493,23485.6219826641,112906.83171374969
63,Pregnant,Southbound recently pregnant,31,0.7199973303439192,0.0020044912103815583,965.3218897567328,376.3202945699261,385.0101964371164,1850.9316674385193,29924.978582458716,11665.929131667708,11935.316089550608,57378.881690594106
64,Pregnant,calving grounds recently pregnant,51,0.6199981687779041,0.002004567699580897,831.6142697896149,353.82085030257275,313.2749339943364,1682.9744267140397,42412.32775927036,18044.86336543121,15977.021633711156,85831.69576241603
64,Pregnant,foraging pregnant,153,1.339996661728431,0.0010019379297723514,1793.2221494264136,486.6603311700179,871.6249770871658,2797.79948937539,274362.98886224127,74459.03066901273,133358.62149433634,428063.3218744347
64,Pregnant,northbound pregnant,100,0.49999957105348425,0.00200467300671939,671.1581265972754,329.53785480090045,222.4068669644587,1486.2076845737831,67115.81265972754,32953.785480090046,22240.686696445868,148620.76845737832
64,Pregnant,southbound pregnant,61,0.7199973303439192,0.0020044912103815583,965.3256020067882,376.32270984211794,385.0106055287748,1850.9445539314172,58884.86172241408,22955.685300369194,23485.646937255264,112907.61778981645
64,Pregnant,Southbound recently pregnant,31,0.7199973303439192,0.0020044912103815583,965.3256020067882,376.32270984211794,385.0106055287748,1850.9445539314172,29925.093662210435,11666.004005105657,11935.32877139202,57379.281171873925
65,Pregnant,calving grounds recently pregnant,51,0.6199981687779041,0.002004567699580897,831.6168608373088,353.8225232491622,313.27529010680286,1682.9811312673405,42412.45990270275,18044.948685707273,15977.039795446944,85832.03769463436
65,Pregnant,foraging pregnant,153,1.339996661728431,0.0010019379297723514,1793.2277298647352,486.663609899721,871.6255502563905,2797.811877875322,274363.84266930446,74459.5323146573,133358.70918922775,428065.21731492423
65,Pregnant,northbound pregnant,100,0.49999957105348425,0.00200467300671939,671.1602184556252,329.53929922623763,222.40697668134484,1486.213578537196,67116.02184556251,32953.92992262376,22240.697668134486,148621.35785371962
65,Pregnant,southbound pregnant,61,0.7199973303439192,0.0020044912103815583,965.3286090203334,376.32458850718456,385.0110229770666,1850.9545289208534,58885.04515024034,22955.79989893826,23485.672401601067,112908.22626417206
65,Pregnant,Southbound recently pregnant,31,0.7199973303439192,0.0020044912103815583,965.3286090203334,376.32458850718456,385.0110229770666,1850.9545289208534,29925.186879630335,11666.062243722723,11935.341712289066,57379.59039654646
66,Pregnant,calving grounds recently pregnant,51,0.6199981687779041,0.002004567699580897,831.6190804435283,353.8239915312372,313.27555696360696,1682.9869647155008,42412.57310261994,18045.023568093096,15977.053405143954,85832.33520049053
66,Pregnant,foraging pregnant,153,1.339996661728431,0.0010019379297723514,1793.2325099039547,486.6665272177961,871.6259092235885,2797.8227166671995,274364.5740153051,74459.9786643228,133358.76411120905,428066.87565008155
66,Pregnant,northbound pregnant,100,0.49999957105348425,0.00200467300671939,671.1620104798295,329.54056232638095,222.4070347277078,1486.2187054254769,67116.20104798295,32954.0562326381,22240.70347277078,148621.87054254767
66,Pregnant,southbound pregnant,61,0.7199973303439192,0.0020044912103815583,965.3311849221025,376.32624137400256,385.01133238306227,1850.9633332603871,58885.20228024825,22955.900723814157,23485.691275366797,112908.76332888361
66,Pregnant,Southbound recently pregnant,31,0.7199973303439192,0.0020044912103815583,965.3311849221025,376.32624137400256,385.01133238306227,1850.9633332603871,29925.266732585176,11666.113482594079,11935.35130387493,57379.863331072
67,Pregnant,calving grounds recently pregnant,51,0.6199981687779041,0.002004567699580897,831.6208459275234,353.8251029284505,313.27583059404975,1682.9914600410204,42412.663142303696,18045.080249350976,15977.067360296538,85832.56446209205
67,Pregnant,foraging pregnant,153,1.339996661728431,0.0010019379297723514,1793.2363126278756,486.66867319396573,871.6264068453111,2797.8309744381254,274365.155832065,74460.30699867677,133358.84024733258,428068.1390890332
67,Pregnant,northbound pregnant,100,0.49999957105348425,0.00200467300671939,671.1634357899245,329.5415256533963,222.4071386343494,1486.2226583042304,67116.34357899246,32954.15256533963,22240.71386343494,148622.26583042304
67,Pregnant,southbound pregnant,61,0.7199973303439192,0.0020044912103815583,965.3332338680626,376.3274861662581,385.01165591109446,1850.9699197004143,58885.32726595182,22955.976656141742,23485.711010576764,112909.16510172526
67,Pregnant,Southbound recently pregnant,31,0.7199973303439192,0.0020044912103815583,965.3332338680626,376.3274861662581,385.01165591109446,1850.9699197004143,29925.33024990994,11666.152071154002,11935.361333243929,57380.06751071283
68,Pregnant,calving grounds recently pregnant,51,0.6199981687779041,0.002004567699580897,831.6225304184852,353.8262950203374,313.27594859073196,1682.9960863131828,42412.74905134275,18045.141046037206,15977.07337812733,85832.80040197232
68,Pregnant,foraging pregnant,153,1.339996661728431,0.0010019379297723514,1793.2399393578978,486.671127483697,871.626387155743,2797.8397007185486,274365.71072175837,74460.68250500564,133358.8372348287,428069.47420993797
68,Pregnant,northbound pregnant,100,0.49999957105348425,0.00200467300671939,671.1647958838482,329.5425411879509,222.4071031683084,1486.2267214270698,67116.47958838483,32954.25411879509,22240.71031683084,148622.67214270696
68,Pregnant,southbound pregnant,61,0.7199973303439192,0.0020044912103815583,965.3351886700447,376.3288368315266,385.01178408863944,1850.9771751648686,58885.44650887272,22956.059046723123,23485.718829407004,112909.607685057
68,Pregnant,Southbound recently pregnant,31,0.7199973303439192,0.0020044912103815583,965.3351886700447,376.3288368315266,385.01178408863944,1850.9771751648686,29925.390848771385,11666.193941777325,11935.365306747823,57380.29243011094
69,Pregnant,calving grounds recently pregnant,51,0.6199981687779041,0.002004567699580897,831.6238786512733,353.82721595940785,313.27607909429145,1682.9997041090908,42412.81781121494,18045.1880139298,15977.080033808863,85832.98490956363
69,Pregnant,foraging pregnant,153,1.339996661728431,0.0010019379297723514,1793.2428425082205,486.67298933041775,871.6264960235945,2797.84647149853,274366.15490375774,74460.96736755391,133358.85389160996,428070.5101392751
69,Pregnant,northbound pregnant,100,0.49999957105348425,0.00200467300671939,671.1658844326276,329.54332970571414,222.40710870741887,1486.2298999792692,67116.58844326276,32954.33297057141,22240.710870741885,148622.98999792692
69,Pregnant,southbound pregnant,61,0.7199973303439192,0.0020044912103815583,965.3367532913753,376.32987680147386,385.0119321738381,1850.9827375208906,58885.54195077389,22956.122484889904,23485.727862604122,112909.94698877432
69,Pregnant,Southbound recently pregnant,31,0.7199973303439192,0.0020044912103815583,965.3367532913753,376.32987680147386,385.0119321738381,1850.9827375208906,29925.439352032634,11666.22618084569,11935.36989738898,57380.4648631476
70,Pregnant,calving grounds recently pregnant,51,0.6199981687779041,0.002004567699580897,831.6249613211625,353.82792656449254,313.27621533350896,1683.002535212025,42412.87302737928,18045.22425478912,15977.086982008954,85833.12929581325
70,Pregnant,foraging pregnant,153,1.339996661728431,0.0010019379297723514,1793.245174160405,486.6743950641658,871.626692107026,2797.8517224325647,274366.51164654194,74461.18244481736,133358.883892375,428071.31353218236
70,Pregnant,northbound pregnant,100,0.49999957105348425,0.00200467300671939,671.1667585311546,329.543941725133,222.40714273427605,1486.2323883744323,67116.67585311546,32954.3941725133,22240.714273427606,148623.23883744326
70,Pregnant,southbound pregnant,61,0.7199973303439192,0.0020044912103815583,965.3380097597961,376.330676114322,385.0120907561058,1850.9869908422322,58885.61859534756,22956.17124297364,23485.737536122455,112910.20644137617
70,Pregnant,Southbound recently pregnant,31,0.7199973303439192,0.0020044912103815583,965.3380097597961,376.330676114322,385.0120907561058,1850.9869908422322,29925.478302553678,11666.25095954398,11935.37481343928,57380.5967161092
71,Pregnant,calving grounds recently pregnant,51,0.6199981687779041,0.002004567699580897,831.6259123636959,353.8285735548641,313.2763102592839,1683.0050804428658,42412.92153054849,18045.25725129807,15977.09182322348,85833.25910258615
71,Pregnant,foraging pregnant,153,1.339996661728431,0.0010019379297723514,1793.2472220716497,486.6757002549717,871.6267788162969,2797.856481547881,274366.8249769624,74461.38213901066,133358.89715889344,428072.0416768257
71,Pregnant,northbound pregnant,100,0.49999957105348425,0.00200467300671939,671.1675263893266,329.5444960128188,222.407149340296,1486.2346246770423,67116.75263893265,32954.44960128188,22240.7149340296,148623.46246770423
71,Pregnant,southbound pregnant,61,0.7199973303439192,0.0020044912103815583,965.339113445612,376.3314064415782,385.01219883435033,1850.990895053158,58885.68592018234,22956.215792936273,23485.74412889537,112910.44459824264
71,Pregnant,Southbound recently pregnant,31,0.7199973303439192,0.0020044912103815583,965.339113445612,376.3314064415782,385.01219883435033,1850.990895053158,29925.512516813975,11666.273599688926,11935.37816386486,57380.717746647904
72,Pregnant,calving grounds recently pregnant,51,0.6199981687779041,0.002004567699580897,831.6267009796034,353.8291036783207,313.2763958931961,1683.0071746709868,42412.961749959766,18045.284287594353,15977.096190552997,85833.36590822032
72,Pregnant,foraging pregnant,153,1.339996661728431,0.0010019379297723514,1793.2489202988088,486.67676286140926,871.6268746330658,2797.860386880577,274367.08480571775,74461.54471779562,133358.91181885905,428072.6391927282
72,Pregnant,northbound pregnant,100,0.49999957105348425,0.00200467300671939,671.1681630982823,329.54495097242574,222.40716132850554,1486.2364649430797,67116.81630982824,32954.49509724257,22240.716132850554,148623.64649430796
72,Pregnant,southbound pregnant,61,0.7199973303439192,0.0020044912103815583,965.34002864227,376.33200415523476,385.01229718469284,1850.9940854990814,58885.74174717847,22956.25225346932,23485.750128266263,112910.63921544397
72,Pregnant,Southbound recently pregnant,31,0.7199973303439192,0.0020044912103815583,965.34002864227,376.33200415523476,385.01229718469284,1850.9940854990814,29925.54088791037,11666.292128812278,11935.381212725479,57380.81665047152
73,Pregnant,calving grounds recently pregnant,51,0.6199981687779041,0.002004567699580897,831.6273756523676,353.82956985086224,313.2764554159154,1683.0089986894698,42412.99615827075,18045.308062393975,15977.099226211685,85833.45893316294
73,Pregnant,foraging pregnant,153,1.339996661728431,0.0010019379297723514,1793.2503730097276,486.67771099396396,871.6269091263478,2797.863809311766,274367.30707048834,74461.68978207649,133358.9170963312,428073.16282470024
73,Pregnant,northbound pregnant,100,0.49999957105348425,0.00200467300671939,671.168707828795,329.5453494536082,222.40715865996137,1486.2380673159205,67116.8707828795,32954.53494536082,22240.71586599613,148623.80673159205
73,Pregnant,southbound pregnant,61,0.7199973303439192,0.0020044912103815583,965.3408115926649,376.3325311574069,385.01236399276905,1850.996908224924,58885.789507152556,22956.28440060182,23485.75420355891,112910.81140172038
73,Pregnant,Southbound recently pregnant,31,0.7199973303439192,0.0020044912103815583,965.3408115926649,376.3325311574069,385.01236399276905,1850.996908224924,29925.56515937261,11666.308465879612,11935.38328377584,57380.904154972646
74,Pregnant,calving grounds recently pregnant,51,0.6199981687779041,0.002004567699580897,831.6279214093628,353.8299339635328,313.2765176733434,1683.0104409299545,42413.0239918775,18045.326632140175,15977.102401340515,85833.53248742767
74,Pregnant,foraging pregnant,153,1.339996661728431,0.0010019379297723514,1793.2515482900856,486.6784378502937,871.6269857863459,2797.866494237607,274367.4868883831,74461.80099109492,133358.92882531093,428073.5736183539
74,Pregnant,northbound pregnant,100,0.49999957105348425,0.00200467300671939,671.1691484558971,329.54566228802526,222.40716977391781,1486.2393347576892,67116.91484558972,32954.56622880252,22240.71697739178,148623.93347576892
74,Pregnant,southbound pregnant,61,0.7199973303439192,0.0020044912103815583,965.3414449521979,376.33294139037145,385.0124358339677,1850.9990958253227,58885.82814208407,22956.309424812658,23485.758585872027,112910.94484534468
74,Pregnant,Southbound recently pregnant,31,0.7199973303439192,0.0020044912103815583,965.3414449521979,376.33294139037145,385.0124358339677,1850.9990958253227,29925.584793518134,11666.321183101516,11935.385510852999,57380.971970585
75,Pregnant,calving grounds recently pregnant,51,0.6199981687779041,0.002004567699580897,831.6284262882389,353.8303000298422,313.2765435113092,1683.0118499786688,42413.04974070018,18045.34530152195,15977.103719076771,85833.60434891211
75,Pregnant,foraging pregnant,153,1.339996661728431,0.0010019379297723514,1793.2526351979868,486.6792005434229,871.6269469557008,2797.869166122506,274367.653185292,74461.9176831437,133358.9228842222,428073.9824167434
75,Pregnant,northbound pregnant,100,0.49999957105348425,0.00200467300671939,671.1695561172625,329.5459730866104,222.40715018010994,1486.240571982362,67116.95561172624,32954.59730866104,22240.715018010993,148624.05719823623
75,Pregnant,southbound pregnant,61,0.7199973303439192,0.0020044912103815583,965.3420308394316,376.3333570689783,385.01246223092943,1851.0013351214309,58885.863881205325,22956.334781207675,23485.760196086696,112911.08144240729
75,Pregnant,Southbound recently pregnant,31,0.7199973303439192,0.0020044912103815583,965.3420308394316,376.3333570689783,385.01246223092943,1851.0013351214309,29925.60295602238,11666.334069138327,11935.386329158813,57381.04138876436
